lemma,group,on_list
authority,5,academic
publish,5,academic
conference,5,academic
aspect,5,academic
client,5,academic
impact,5,academic
candidate,5,academic
obtain,5,academic
repertoire,5,academic
distribution,5,academic
afterward,5,academic
essentially,5,academic
classroom,5,academic
regime,5,academic
cinema,5,academic
acid,5,academic
transaction,5,academic
disadvantage,5,academic
dynamic,5,academic
strategic,5,academic
shortly,5,academic
contrary,5,academic
mid,5,academic
graph,5,academic
diary,5,academic
jazz,5,academic
click,5,academic
amongst,5,academic
sophisticate,5,academic
translation,5,academic
headquarter,5,academic
suicide,5,academic
portfolio,5,academic
workshop,5,academic
occupation,5,academic
consumption,5,academic
absorb,5,academic
domain,5,academic
leisure,5,academic
lifestyle,5,academic
tremendous,5,academic
exit,5,academic
curriculum,5,academic
productivity,5,academic
superior,5,academic
assembly,5,academic
incredible,5,academic
upward,5,academic
prominent,5,academic
lifetime,5,academic
ultimate,5,academic
missile,5,academic
utility,5,academic
exploit,5,academic
seminar,5,academic
widespread,5,academic
emission,5,academic
integration,5,academic
bargain,5,academic
carrier,5,academic
dominant,5,academic
cure,5,academic
par,5,academic
admission,5,academic
dose,5,academic
execute,5,academic
conscious,5,academic
junior,5,academic
consent,5,academic
vocabulary,5,academic
punishment,5,academic
interval,5,academic
replacement,5,academic
scenario,5,academic
outlet,5,academic
architect,5,academic
controversy,5,academic
feedback,5,academic
render,5,academic
puzzle,5,academic
classify,5,academic
correctly,5,academic
accent,5,academic
economist,5,academic
scatter,5,academic
transformation,5,academic
clever,5,academic
organ,5,academic
physically,5,academic
treaty,5,academic
diverse,5,academic
alliance,5,academic
campus,5,academic
clue,5,academic
evident,5,academic
virtue,5,academic
commonly,5,academic
observer,5,academic
destination,5,academic
apple,5,academic
entity,5,academic
facilitate,5,academic
agriculture,5,academic
beam,5,academic
ton,5,academic
cattle,5,academic
cheer,5,academic
induce,5,academic
indicator,5,academic
necessity,5,academic
calculation,5,academic
drain,5,academic
audit,5,academic
consensus,5,academic
productive,5,academic
assignment,5,academic
gross,5,academic
ex,5,academic
painful,5,academic
reinforce,5,academic
identification,5,academic
backward,5,academic
identical,5,academic
clinic,5,academic
sin,5,academic
valid,5,academic
bonus,5,academic
collective,5,academic
hip,5,academic
proposition,5,academic
parameter,5,academic
terminal,5,academic
interrupt,5,academic
fiber,5,academic
precede,5,academic
drift,5,academic
expertise,5,academic
prediction,5,academic
communist,5,academic
elite,5,academic
confine,5,academic
stimulus,5,academic
thereby,5,academic
physician,5,academic
elaborate,5,academic
composer,5,academic
bat,5,academic
manual,5,academic
particle,5,academic
initiate,5,academic
politically,5,academic
sperm,5,academic
logical,5,academic
dictionary,5,academic
clip,5,academic
invasion,5,academic
fluid,5,academic
discrimination,5,academic
coordinate,5,academic
sensible,5,academic
fabric,5,academic
flexibility,5,academic
spectrum,5,academic
lung,5,academic
lab,5,academic
grasp,5,academic
rhythm,5,academic
ritual,5,academic
namely,5,academic
realistic,5,academic
traditionally,5,academic
intensity,5,academic
enforcement,5,academic
pronounce,5,academic
wisdom,5,academic
inevitably,5,academic
simultaneously,5,academic
interact,5,academic
blank,5,academic
tense,5,academic
strictly,5,academic
assert,5,academic
objection,5,academic
span,5,academic
execution,5,academic
continent,5,academic
civilization,5,academic
undermine,5,academic
airplane,5,academic
comply,5,academic
kilometer,5,academic
neat,5,academic
fraction,5,academic
effectiveness,5,academic
ethics,5,academic
insert,5,academic
tempt,5,academic
availability,5,academic
faculty,5,academic
depict,5,academic
clarify,5,academic
diagnosis,5,academic
colony,5,academic
deadline,5,academic
motive,5,academic
mineral,5,academic
readily,5,academic
correspondence,5,academic
tribe,5,academic
statistical,5,academic
disability,5,academic
separation,5,academic
punch,5,academic
infect,5,academic
minimize,5,academic
informal,5,academic
plug,5,academic
punish,5,academic
artificial,5,academic
strand,5,academic
adolescent,5,academic
scholarship,5,academic
discourse,5,academic
purely,5,academic
partial,5,academic
legitimate,5,academic
bound,5,academic
norm,5,academic
duration,5,academic
constitution,5,academic
homework,5,academic
horizon,5,academic
allocate,5,academic
rational,5,academic
nest,5,academic
resemble,5,academic
deliberately,5,academic
unemployed,5,academic
psychology,5,academic
corruption,5,academic
probe,5,academic
harvest,5,academic
outer,5,academic
recipe,5,academic
oxygen,5,academic
cognitive,5,academic
subtle,5,academic
merge,5,academic
slot,5,academic
legend,5,academic
interface,5,academic
comparable,5,academic
hedge,5,academic
ridiculous,5,academic
linguistic,5,academic
naked,5,academic
preliminary,5,academic
similarity,5,academic
bulk,5,academic
mall,5,academic
rub,5,academic
poster,5,academic
myth,5,academic
ghost,5,academic
pole,5,academic
separately,5,academic
discharge,5,academic
rope,5,academic
swell,5,academic
importantly,5,academic
processor,5,academic
robot,5,academic
correlation,5,academic
manuscript,5,academic
transmit,5,academic
molecule,5,academic
bacteria,5,academic
sufficiently,5,academic
stack,5,academic
nasty,5,academic
explicit,5,academic
revolutionary,5,academic
projection,5,academic
essence,5,academic
sensitivity,5,academic
spray,5,academic
usage,5,academic
bang,5,academic
bullet,5,academic
progressive,5,academic
breakdown,5,academic
consciousness,5,academic
influential,5,academic
insect,5,academic
underneath,5,academic
interfere,5,academic
surplus,5,academic
bundle,5,academic
accuracy,5,academic
whoever,5,academic
accelerate,5,academic
oral,5,academic
diagram,5,academic
defect,5,academic
bubble,5,academic
portray,5,academic
thread,5,academic
machinery,5,academic
barrel,5,academic
array,5,academic
stance,5,academic
radiation,5,academic
competence,5,academic
reliability,5,academic
solar,5,academic
conservation,5,academic
sometime,5,academic
injection,5,academic
freely,5,academic
specification,5,academic
wheat,5,academic
vertical,5,academic
incredibly,5,academic
flesh,5,academic
donor,5,academic
intervene,5,academic
tropical,5,academic
sketch,5,academic
profound,5,academic
transmission,5,academic
meaningful,5,academic
incline,5,academic
artistic,5,academic
crystal,5,academic
commodity,5,academic
prejudice,5,academic
questionnaire,5,academic
actively,5,academic
terribly,5,academic
gut,5,academic
consultation,5,academic
auction,5,academic
republic,5,academic
mortality,5,academic
overhead,5,academic
formally,5,academic
verbal,5,academic
ideology,5,academic
practitioner,5,academic
minimal,5,academic
goodness,5,academic
loop,5,academic
allocation,5,academic
mechanical,5,academic
straightforward,5,academic
chemistry,5,academic
obscure,5,academic
powder,5,academic
alien,5,academic
neutral,5,academic
historically,5,academic
compensate,5,academic
accumulate,5,academic
marker,5,academic
utilize,5,academic
surgeon,5,academic
pulse,5,academic
embed,5,academic
bleed,5,academic
ruler,5,academic
leaf,5,academic
partially,5,academic
aggregate,5,academic
thesis,5,academic
monkey,5,academic
activate,5,academic
conceive,5,academic
intensive,5,academic
overlap,5,academic
manipulate,5,academic
skip,5,academic
orientation,5,academic
equality,5,academic
developmental,5,academic
articulate,5,academic
ethical,5,academic
weave,5,academic
locally,5,academic
presume,5,academic
parental,5,academic
peasant,5,academic
chronic,5,academic
flip,5,academic
sensation,5,academic
organism,5,academic
acute,5,academic
unity,5,academic
tumor,5,academic
trait,5,academic
compact,5,academic
commentary,5,academic
configuration,5,academic
modification,5,academic
instinct,5,academic
container,5,academic
likelihood,5,academic
conception,5,academic
biology,5,academic
metaphor,5,academic
audio,5,academic
closure,5,academic
dilemma,5,academic
colonial,5,academic
diagnose,5,academic
invade,5,academic
accurately,5,academic
stereotype,5,academic
specialty,5,academic
positively,5,academic
threshold,5,academic
systematic,5,academic
inject,5,academic
likewise,5,academic
liver,5,academic
hormone,5,academic
thumb,5,academic
quotation,5,academic
independently,5,academic
cheat,5,academic
super,5,academic
individually,5,academic
reproduce,5,academic
immune,5,academic
sphere,5,academic
clay,5,academic
dictate,5,academic
nucleus,5,academic
noisy,5,academic
slavery,5,academic
justification,5,academic
symbolic,5,academic
broadly,5,academic
adjacent,5,academic
specimen,5,academic
behavioral,5,academic
ancestor,5,academic
hierarchy,5,academic
electron,5,academic
rhetoric,5,academic
mathematical,5,academic
snake,5,academic
classification,5,academic
arrow,5,academic
comparative,5,academic
matrix,5,academic
empirical,5,academic
socially,5,academic
calcium,5,academic
migration,5,academic
vein,5,academic
correction,5,academic
vitamin,5,academic
adaptation,5,academic
tutor,5,academic
grid,5,academic
magnetic,5,academic
monetary,5,academic
complement,5,academic
crude,5,academic
fever,5,academic
explicitly,5,academic
vague,5,academic
credibility,5,academic
non,5,academic
differentiate,5,academic
rack,5,academic
psychologist,5,academic
noble,5,academic
conceptual,5,academic
lump,5,academic
limb,5,academic
autonomy,5,academic
membrane,5,academic
realm,5,academic
definite,5,academic
elementary,5,academic
overview,5,academic
dense,5,academic
dissolve,5,academic
magnitude,5,academic
adverse,5,academic
sustainable,5,academic
diameter,5,academic
rejection,5,academic
circulate,5,academic
shallow,5,academic
semantic,5,academic
indirect,5,academic
emergence,5,academic
circulation,5,academic
maximize,5,academic
layout,5,academic
competent,5,academic
damp,5,academic
occurrence,5,academic
marble,5,academic
momentum,5,academic
simplify,5,academic
syndrome,5,academic
complication,5,academic
supposedly,5,academic
molecular,5,academic
marginal,5,academic
philosophical,5,academic
goat,5,academic
forum,5,academic
capitalism,5,academic
tolerance,5,academic
habitat,5,academic
elevate,5,academic
viable,5,academic
maternal,5,academic
linear,5,academic
halfway,5,academic
bizarre,5,academic
atom,5,academic
impulse,5,academic
pardon,5,academic
inclusion,5,academic
toxic,5,academic
methodology,5,academic
validity,5,academic
illusion,5,academic
globalization,5,academic
pathway,5,academic
unify,5,academic
swap,5,academic
gravity,5,academic
incidence,5,academic
dependence,5,academic
cue,5,academic
athletic,5,academic
continuity,5,academic
economically,5,academic
mechanic,5,academic
horizontal,5,academic
ray,5,academic
sword,5,academic
aesthetic,5,academic
disturbance,5,academic
irrelevant,5,academic
contradiction,5,academic
orient,5,academic
monopoly,5,academic
protocol,5,academic
primitive,5,academic
minus,5,academic
philosopher,5,academic
inhibit,5,academic
hydrogen,5,academic
multiply,5,academic
dioxide,5,academic
parcel,5,academic
offspring,5,academic
technically,5,academic
prey,5,academic
valve,5,academic
shuttle,5,academic
simulation,5,academic
whereby,5,academic
standardize,5,academic
integral,5,academic
decay,5,academic
nicely,5,academic
inequality,5,academic
predominantly,5,academic
artifact,5,academic
selective,5,academic
bucket,5,academic
stripe,5,academic
utterance,5,academic
problematic,5,academic
liable,5,academic
cord,5,academic
denote,5,academic
morality,5,academic
static,5,academic
axis,5,academic
dialect,5,academic
fringe,5,academic
textbook,5,academic
unintelligible,5,academic
antibody,5,academic
bracket,5,academic
spontaneous,5,academic
fundamentally,5,academic
fusion,5,academic
correlate,5,academic
onset,5,academic
sniff,5,academic
retrieve,5,academic
sexuality,5,academic
sub,5,academic
aluminum,5,academic
critique,5,academic
epidemic,5,academic
syllable,5,academic
trauma,5,academic
comprehension,5,academic
chromosome,5,academic
transplant,5,academic
paradigm,5,academic
interestingly,5,academic
stabilize,5,academic
bilingual,5,academic
intermediate,5,academic
enzyme,5,academic
node,5,academic
nonetheless,5,academic
constrain,5,academic
analogy,5,academic
capitalist,5,academic
tech,5,academic
equilibrium,5,academic
fossil,5,academic
implicit,5,academic
undergraduate,5,academic
quantitative,5,academic
variant,5,academic
planner,5,academic
subjective,5,academic
indigenous,5,academic
pragmatic,5,academic
vowel,5,academic
basin,5,academic
composite,5,academic
differential,5,academic
kidney,5,academic
rotate,5,academic
generalize,5,academic
mentor,5,academic
rewrite,5,academic
antibiotic,5,academic
peripheral,5,academic
coherent,5,academic
reservoir,5,academic
rotation,5,academic
psychiatric,5,academic
chess,5,academic
mobility,5,academic
reproduction,5,academic
gauge,5,academic
multinational,5,academic
velocity,5,academic
optimal,5,academic
physics,5,academic
coordination,5,academic
chunk,5,academic
directive,5,academic
tricky,5,academic
manipulation,5,academic
dominance,5,academic
derivative,5,academic
predator,5,academic
replicate,5,academic
fertility,5,academic
nutrient,5,academic
evolutionary,5,academic
enormously,5,academic
grammatical,5,academic
footnote,5,academic
fatigue,5,academic
receptor,5,academic
incumbent,5,academic
diagnostic,5,academic
instability,5,academic
dye,5,academic
infinite,5,academic
synthesis,5,academic
reactor,5,academic
mediate,5,academic
radar,5,academic
detection,5,academic
degrade,5,academic
plantation,5,academic
trivial,5,academic
partition,5,academic
arbitrary,5,academic
algorithm,5,academic
approximate,5,academic
inferior,5,academic
plausible,5,academic
lexical,5,academic
optical,5,academic
triangle,5,academic
quiz,5,academic
corpus,5,academic
migrate,5,academic
polar,5,academic
spatial,5,academic
tract,5,academic
reconstruct,5,academic
industrialize,5,academic
singular,5,academic
simulate,5,academic
slash,5,academic
contradict,5,academic
cylinder,5,academic
mutation,5,academic
deficiency,5,academic
ion,5,academic
atomic,5,academic
unstable,5,academic
ecological,5,academic
rainfall,5,academic
fracture,5,academic
convergence,5,academic
sodium,5,academic
niche,5,academic
media,5,academic
neuron,5,academic
variance,5,academic
progression,5,academic
surgical,5,academic
formulation,5,academic
trajectory,5,academic
nationalism,5,academic
residue,5,academic
calculator,5,academic
photographic,5,academic
dilute,5,academic
residual,5,academic
vegetation,5,academic
synthetic,5,academic
vector,5,academic
onwards,5,academic
affirm,5,academic
resistant,5,academic
cone,5,academic
finite,5,academic
lecturer,5,academic
altitude,5,academic
differentiation,5,academic
periodic,5,academic
susceptible,5,academic
socialize,5,academic
transparency,5,academic
applause,5,academic
emit,5,academic
realism,5,academic
lever,5,academic
numerical,5,academic
theorist,5,academic
emperor,5,academic
whichever,5,academic
deviation,5,academic
accumulation,5,academic
liter,5,academic
nominal,5,academic
qualitative,5,academic
deceive,5,academic
prevalence,5,academic
critically,5,academic
statistically,5,academic
nitrogen,5,academic
sponsorship,5,academic
messenger,5,academic
elimination,5,academic
characterization,5,academic
pre,5,academic
interviewer,5,academic
paradox,5,academic
elevation,5,academic
erase,5,academic
contour,5,academic
randomly,5,academic
substitution,5,academic
converge,5,academic
archaeology,5,academic
coefficient,5,academic
induction,5,academic
conserve,5,academic
thermal,5,academic
regression,5,academic
quantum,5,academic
variability,5,academic
plural,5,academic
rehabilitation,5,academic
thickness,5,academic
clone,5,academic
slab,5,academic
encode,5,academic
pest,5,academic
fungus,5,academic
respiratory,5,academic
urine,5,academic
terminology,5,academic
infectious,5,academic
contradictory,5,academic
inference,5,academic
generalization,5,academic
pesticide,5,academic
computation,5,academic
absorption,5,academic
transcription,5,academic
estimation,5,academic
conditional,5,academic
biologist,5,academic
appendix,5,academic
discrete,5,academic
temporal,5,academic
indifference,5,academic
genetically,5,academic
domination,5,academic
scroll,5,academic
demonstrator,5,academic
subset,5,academic
syntax,5,academic
inhibition,5,academic
bodily,5,academic
consonant,5,academic
physiological,5,academic
sediment,5,academic
fin,5,academic
motif,5,academic
linguistics,5,academic
radius,5,academic
algebra,5,academic
fetal,5,academic
syntactic,5,academic
gradient,5,academic
approximation,5,academic
acceleration,5,academic
hawk,5,academic
bacterial,5,academic
chemotherapy,5,academic
lateral,5,academic
adaptive,5,academic
communicative,5,academic
friction,5,academic
binary,5,academic
gram,5,academic
delta,5,academic
notation,5,academic
dissertation,5,academic
genetics,5,academic
wavelength,5,academic
diffusion,5,academic
cortex,5,academic
facet,5,academic
semester,5,academic
invert,5,academic
anthropology,5,academic
ecology,5,academic
precipitate,5,academic
theorem,5,academic
mole,5,academic
neural,5,academic
phonological,5,academic
irrigation,5,academic
pi,5,academic
amino,5,academic
turbulent,5,academic
solvent,5,academic
yeast,5,academic
innate,5,academic
metabolism,5,academic
mercury,5,academic
artwork,5,academic
longitudinal,5,academic
hepatitis,5,academic
transcribe,5,academic
calculus,5,academic
coronary,5,academic
confound,5,academic
optimum,5,academic
portrayal,5,academic
memorize,5,academic
initiation,5,academic
novice,5,academic
sensory,5,academic
phenomenal,5,academic
substrate,5,academic
reactive,5,academic
censor,5,academic
antiquity,5,academic
industrialization,5,academic
rationality,5,academic
uplift,5,academic
displacement,5,academic
subtract,5,academic
phosphate,5,academic
elastic,5,academic
anti,5,academic
locus,5,academic
morphology,5,academic
postgraduate,5,academic
entrant,5,academic
marrow,5,academic
abdominal,5,academic
flux,5,academic
potassium,5,academic
primer,5,academic
precipitation,5,academic
connotation,5,academic
amplitude,5,academic
proton,5,academic
replication,5,academic
sneeze,5,academic
infinity,5,academic
inversion,5,academic
scripture,5,academic
denominator,5,academic
secrete,5,academic
chloride,5,academic
semi,5,academic
connector,5,academic
millimeter,5,academic
elasticity,5,academic
exponential,5,academic
morphological,5,academic
null,5,academic
micro,5,academic
soluble,5,academic
syllabus,5,academic
handout,5,academic
watershed,5,academic
trans,5,academic
axiom,5,academic
randomize,5,academic
equivalence,5,academic
comma,5,academic
dimensional,5,academic
oscillation,5,academic
parenthesis,5,academic
circa,5,academic
biodiversity,5,academic
nonlinear,5,academic
capillary,5,academic
acidic,5,academic
epidemiology,5,academic
aerosol,5,academic
cyclic,5,academic
multi,5,academic
dissection,5,academic
herbicide,5,academic
helix,5,academic
splice,5,academic
oxidize,5,academic
volition,5,academic
descriptor,5,academic
deflection,5,academic
solute,5,academic
conduction,5,academic
congruent,5,academic
descendent,5,academic
neo,5,academic
goods,5,academic
factorial,5,academic
the,1,general
be,1,general
and,1,general
of,1,general
to,1,general
a,1,general
in,1,general
have,1,general
it,1,general
you,1,general
he,1,general
for,1,general
they,1,general
not,1,general
that,1,general
we,1,general
on,1,general
with,1,general
this,1,general
I,1,general
do,1,general
as,1,general
at,1,general
she,1,general
but,1,general
from,1,general
by,1,general
will,1,general
or,1,general
say,1,general
go,1,general
so,1,general
all,1,general
if,1,general
one,1,general
would,1,general
about,1,general
can,1,general
which,1,general
there,1,general
know,1,general
more,1,general
get,1,general
who,1,general
like,1,general
when,1,general
think,1,general
make,1,general
time,1,general
see,1,general
what,1,general
up,1,general
some,1,general
other,1,general
out,1,general
good,1,general
people,1,general
year,1,general
take,1,general
no,1,general
well,1,general
because,1,general
very,1,general
just,1,general
come,1,general
could,1,general
work,1,general
use,1,general
than,1,general
now,1,general
then,1,general
also,1,general
into,1,general
only,1,general
look,1,general
want,1,general
give,1,general
first,1,general
new,1,general
way,1,general
find,1,general
over,1,general
any,1,general
after,1,general
day,1,general
where,1,general
thing,1,general
most,1,general
should,1,general
need,1,general
much,1,general
right,1,general
how,1,general
back,1,general
mean,1,general
even,1,general
may,1,general
here,1,general
many,1,general
such,1,general
last,1,general
child,1,general
tell,1,general
really,1,general
call,1,general
before,1,general
company,1,general
through,1,general
down,1,general
show,1,general
life,1,general
man,1,general
change,1,general
place,1,general
long,1,general
between,1,general
feel,1,general
too,1,general
still,1,general
problem,1,general
write,1,general
same,1,general
lot,1,general
great,1,general
try,1,general
leave,1,general
number,1,general
both,1,general
own,1,general
part,1,general
point,1,general
little,1,general
help,1,general
ask,1,general
meet,1,general
start,1,general
talk,1,general
something,1,general
put,1,general
another,1,general
become,1,general
interest,1,general
country,1,general
old,1,general
each,1,general
school,1,general
late,1,general
high,1,general
different,1,general
off,1,general
next,1,general
end,1,general
live,1,general
why,1,general
while,1,general
world,1,general
week,1,general
play,1,general
might,1,general
must,1,general
home,1,general
never,1,general
include,1,general
course,1,general
house,1,general
report,1,general
group,1,general
case,1,general
woman,1,general
around,1,general
book,1,general
family,1,general
seem,1,general
let,1,general
again,1,general
kind,1,general
keep,1,general
hear,1,general
system,1,general
every,1,general
question,1,general
during,1,general
always,1,general
big,1,general
set,1,general
small,1,general
study,1,general
follow,1,general
begin,1,general
important,1,general
since,1,general
run,1,general
under,1,general
turn,1,general
few,1,general
bring,1,general
early,1,general
hand,1,general
state,1,general
move,1,general
money,1,general
fact,1,general
however,1,general
area,1,general
provide,1,general
name,1,general
read,1,general
friend,1,general
month,1,general
large,1,general
business,1,general
without,1,general
information,1,general
open,1,general
order,1,general
government,1,general
word,1,general
issue,1,general
market,1,general
pay,1,general
build,1,general
hold,1,general
service,1,general
against,1,general
believe,1,general
second,1,general
though,1,general
yes,1,general
love,1,general
increase,1,general
job,1,general
plan,1,general
result,1,general
away,1,general
example,1,general
happen,1,general
offer,1,general
young,1,general
close,1,general
program,1,general
lead,1,general
buy,1,general
understand,1,general
thank,1,general
far,1,general
today,1,general
hour,1,general
student,1,general
face,1,general
hope,1,general
idea,1,general
cost,1,general
less,1,general
room,1,general
until,1,general
reason,1,general
form,1,general
spend,1,general
head,1,general
car,1,general
learn,1,general
level,1,general
person,1,general
experience,1,general
once,1,general
member,1,general
enough,1,general
bad,1,general
city,1,general
night,1,general
able,1,general
support,1,general
whether,1,general
line,1,general
present,1,general
side,1,general
quite,1,general
although,1,general
sure,1,general
term,1,general
least,1,general
age,1,general
low,1,general
speak,1,general
within,1,general
process,1,general
public,1,general
often,1,general
train,1,general
possible,1,general
actually,1,general
rather,1,general
view,1,general
together,1,general
consider,1,general
price,1,general
parent,1,general
hard,1,general
party,1,general
local,1,general
control,1,general
already,1,general
concern,1,general
product,1,general
lose,1,general
story,1,general
almost,1,general
continue,1,general
stand,1,general
whole,1,general
yet,1,general
rate,1,general
care,1,general
expect,1,general
effect,1,general
sort,1,general
ever,1,general
anything,1,general
cause,1,general
fall,1,general
deal,1,general
water,1,general
send,1,general
allow,1,general
soon,1,general
watch,1,general
base,1,general
probably,1,general
suggest,1,general
past,1,general
power,1,general
test,1,general
visit,1,general
center,1,general
grow,1,general
nothing,1,general
return,1,general
mother,1,general
walk,1,general
matter,1,general
mind,1,general
value,1,general
office,1,general
record,1,general
stay,1,general
force,1,general
stop,1,general
several,1,general
light,1,general
develop,1,general
remember,1,general
bit,1,general
share,1,general
real,1,general
answer,1,general
sit,1,general
figure,1,general
letter,1,general
decide,1,general
language,1,general
subject,1,general
class,1,general
development,1,general
town,1,general
half,1,general
minute,1,general
food,1,general
break,1,general
clear,1,general
future,1,general
either,1,general
ago,1,general
per,1,general
remain,1,general
top,1,general
among,1,general
win,1,general
color,1,general
involve,1,general
reach,1,general
social,1,general
period,1,general
across,1,general
note,1,general
history,1,general
create,1,general
drive,1,general
along,1,general
type,1,general
sound,1,general
eye,1,general
music,1,general
game,1,general
political,1,general
free,1,general
receive,1,general
moment,1,general
sale,1,general
policy,1,general
further,1,general
body,1,general
require,1,general
wait,1,general
general,1,general
appear,1,general
toward,1,general
team,1,general
easy,1,general
individual,1,general
full,1,general
black,1,general
sense,1,general
perhaps,1,general
add,1,general
rule,1,general
pass,1,general
produce,1,general
sell,1,general
short,1,general
agree,1,general
law,1,general
everything,1,general
research,1,general
cover,1,general
paper,1,general
position,1,general
near,1,general
human,1,general
computer,1,general
situation,1,general
staff,1,general
activity,1,general
film,1,general
morning,1,general
war,1,general
account,1,general
shop,1,general
major,1,general
someone,1,general
above,1,general
design,1,general
event,1,general
special,1,general
sometimes,1,general
condition,1,general
carry,1,general
choose,1,general
father,1,general
decision,1,general
table,1,general
certain,1,general
forward,1,general
main,1,general
die,1,general
bear,1,general
cut,1,general
describe,1,general
himself,1,general
available,1,general
especially,1,general
strong,1,general
rise,1,general
girl,1,general
maybe,1,general
community,1,general
else,1,general
particular,1,general
role,1,general
join,1,general
difficult,1,general
please,1,general
detail,1,general
difference,1,general
action,1,general
health,1,general
eat,1,general
step,1,general
true,1,general
phone,1,general
themselves,1,general
draw,1,general
white,1,general
date,1,general
practice,1,general
model,1,general
raise,1,general
customer,1,general
front,1,general
explain,1,general
door,1,general
outside,1,general
behind,1,general
economic,1,general
site,1,general
approach,1,general
teacher,1,general
land,1,general
charge,1,general
finally,1,general
sign,1,general
claim,2,general
relationship,2,general
travel,2,general
enjoy,2,general
death,2,general
nice,2,general
amount,2,general
improve,2,general
picture,2,general
boy,2,general
regard,2,general
organization,2,general
happy,2,general
couple,2,general
act,2,general
range,2,general
quality,2,general
project,2,general
round,2,general
opportunity,2,general
road,2,general
accord,2,general
list,2,general
wish,2,general
therefore,2,general
wear,2,general
fund,2,general
rest,2,general
kid,2,general
industry,2,general
education,2,general
measure,2,general
kill,2,general
serve,2,general
likely,2,general
certainly,2,general
national,2,general
itself,2,general
teach,2,general
field,2,general
security,2,general
air,2,general
benefit,2,general
trade,2,general
risk,2,general
news,2,general
standard,2,general
vote,2,general
percent,2,general
focus,2,general
stage,2,general
space,2,general
instead,2,general
realize,2,general
usually,2,general
data,2,general
single,2,general
address,2,general
performance,2,general
chance,2,general
accept,2,general
society,2,general
technology,2,general
mention,2,general
choice,2,general
save,2,general
common,2,general
culture,2,general
total,2,general
demand,2,general
material,2,general
limit,2,general
listen,2,general
due,2,general
wrong,2,general
foot,2,general
effort,2,general
attention,2,general
upon,2,general
check,2,general
complete,2,general
lie,2,general
pick,2,general
reduce,2,general
personal,2,general
ground,2,general
animal,2,general
arrive,2,general
patient,2,general
current,2,general
century,2,general
evidence,2,general
exist,2,general
similar,2,general
fight,2,general
leader,2,general
fine,2,general
street,2,general
former,2,general
contact,2,general
particularly,2,general
wife,2,general
sport,2,general
prepare,2,general
discuss,2,general
response,2,general
voice,2,general
piece,2,general
finish,2,general
suppose,2,general
apply,2,general
president,2,general
fire,2,general
compare,2,general
court,2,general
police,2,general
store,2,general
poor,2,general
knowledge,2,general
laugh,2,general
arm,2,general
heart,2,general
source,2,general
employee,2,general
manage,2,general
simply,2,general
bank,2,general
firm,2,general
cell,2,general
article,2,general
fast,2,general
attack,2,general
foreign,2,general
surprise,2,general
feature,2,general
factor,2,general
pretty,2,general
recently,2,general
affect,2,general
drop,2,general
recent,2,general
relate,2,general
official,2,general
financial,2,general
miss,2,general
art,2,general
campaign,2,general
private,2,general
pause,2,general
everyone,2,general
forget,2,general
page,2,general
worry,2,general
summer,2,general
drink,2,general
opinion,2,general
park,2,general
represent,2,general
key,2,general
inside,2,general
manager,2,general
international,2,general
contain,2,general
notice,2,general
wonder,2,general
nature,2,general
structure,2,general
section,2,general
myself,2,general
exactly,2,general
plant,2,general
paint,2,general
worker,2,general
press,2,general
whatever,2,general
necessary,2,general
region,2,general
growth,2,general
evening,2,general
influence,2,general
respect,2,general
various,2,general
catch,2,general
thus,2,general
skill,2,general
attempt,2,general
son,2,general
simple,2,general
medium,2,general
average,2,general
stock,2,general
management,2,general
character,2,general
bed,2,general
hit,2,general
establish,2,general
indeed,2,general
final,2,general
economy,2,general
fit,2,general
guy,2,general
function,2,general
yesterday,2,general
image,2,general
size,2,general
behavior,2,general
addition,2,general
determine,2,general
station,2,general
population,2,general
fail,2,general
environment,2,general
production,2,general
contract,2,general
player,2,general
comment,2,general
enter,2,general
occur,2,general
alone,2,general
significant,2,general
drug,2,general
wall,2,general
series,2,general
direct,2,general
success,2,general
tomorrow,2,general
director,2,general
clearly,2,general
lack,2,general
review,2,general
depend,2,general
race,2,general
recognize,2,general
window,2,general
purpose,2,general
department,2,general
gain,2,general
tree,2,general
college,2,general
argue,2,general
board,2,general
holiday,2,general
mark,2,general
church,2,general
machine,2,general
achieve,2,general
item,2,general
prove,2,general
cent,2,general
season,2,general
floor,2,general
stuff,2,general
wide,2,general
anyone,2,general
method,2,general
analysis,2,general
election,2,general
military,2,general
hotel,2,general
club,2,general
below,2,general
movie,2,general
doctor,2,general
discussion,2,general
sorry,2,general
challenge,2,general
nation,2,general
nearly,2,general
statement,2,general
link,2,general
despite,2,general
introduce,2,general
advantage,2,general
ready,2,general
marry,2,general
strike,2,general
mile,2,general
seek,2,general
ability,2,general
unit,2,general
card,2,general
hospital,2,general
quickly,2,general
interview,2,general
agreement,2,general
release,2,general
tax,2,general
solution,2,general
capital,2,general
popular,2,general
specific,2,general
beautiful,2,general
fear,2,general
aim,2,general
television,2,general
serious,2,general
target,2,general
degree,2,general
pull,2,general
red,2,general
husband,2,general
access,2,general
movement,2,general
treat,2,general
identify,2,general
loss,2,general
shall,2,general
modern,2,general
pressure,2,general
bus,2,general
treatment,2,general
yourself,2,general
supply,2,general
village,2,general
worth,2,general
natural,2,general
express,2,general
indicate,2,general
attend,2,general
brother,2,general
investment,2,general
score,2,general
organize,2,general
trip,2,general
beyond,2,general
sleep,2,general
fish,2,general
promise,2,general
potential,2,general
energy,2,general
trouble,2,general
relation,2,general
touch,2,general
file,2,general
middle,2,general
bar,2,general
suffer,2,general
strategy,2,general
deep,2,general
except,2,general
clean,2,general
tend,2,general
advance,2,general
fill,2,general
star,2,general
network,2,general
generally,2,general
operation,2,general
match,2,general
avoid,2,general
seat,2,general
throw,2,general
task,2,general
normal,2,general
goal,2,general
associate,2,general
blue,2,general
positive,2,general
option,2,general
box,2,general
huge,2,general
message,2,general
instance,2,general
style,2,general
refer,2,general
cold,2,general
push,2,general
quarter,2,general
assume,2,general
baby,2,general
successful,2,general
sing,2,general
doubt,2,general
competition,2,general
theory,2,general
propose,2,general
reference,2,general
argument,2,general
adult,2,general
fly,2,general
document,2,general
pattern,2,general
application,2,general
hot,2,general
obviously,2,general
unclear,2,general
bill,2,general
search,2,general
separate,2,general
central,2,general
career,2,general
anyway,2,general
speech,2,general
dog,2,general
officer,2,general
throughout,2,general
oil,2,general
dress,2,general
profit,2,general
guess,2,general
fun,2,general
protect,2,general
resource,2,general
science,2,general
disease,2,general
balance,2,general
damage,2,general
basis,2,general
author,2,general
basic,2,general
encourage,2,general
hair,2,general
male,2,general
operate,2,general
reflect,2,general
exercise,2,general
useful,2,general
restaurant,2,general
income,2,general
property,2,general
previous,2,general
dark,2,general
imagine,2,general
okay,2,general
earn,2,general
daughter,2,general
post,2,general
newspaper,2,general
define,2,general
conclusion,2,general
clock,2,general
everybody,2,general
weekend,2,general
perform,2,general
professional,2,general
mine,2,general
debate,2,general
memory,2,general
green,2,general
song,2,general
object,2,general
maintain,2,general
credit,2,general
ring,2,general
discover,2,general
dead,2,general
afternoon,2,general
prefer,2,general
extend,2,general
possibility,2,general
direction,2,general
facility,2,general
variety,2,general
daily,2,general
clothes,2,general
screen,2,general
track,2,general
dance,2,general
completely,2,general
female,2,general
responsibility,2,general
original,2,general
sister,2,general
rock,2,general
dream,2,general
nor,2,general
university,2,general
easily,2,general
agency,2,general
dollar,2,general
garden,2,general
fix,2,general
ahead,2,general
cross,2,general
yeah,2,general
weight,2,general
legal,2,general
proposal,2,general
version,2,general
conversation,2,general
somebody,2,general
pound,2,general
magazine,2,general
shape,2,general
sea,2,general
immediately,2,general
welcome,2,general
smile,2,general
communication,2,general
agent,2,general
traditional,2,general
replace,2,general
judge,2,general
herself,2,general
suddenly,2,general
generation,2,general
estimate,2,general
favorite,2,general
difficulty,2,general
purchase,2,general
shoot,3,general
announce,3,general
unless,3,general
independent,3,general
recommend,3,general
survey,3,general
majority,3,general
stick,3,general
request,3,general
rich,3,general
wind,3,general
none,3,general
exchange,3,general
budget,3,general
famous,3,general
blood,3,general
appropriate,3,general
block,3,general
warm,3,general
count,3,general
scene,3,general
writer,3,general
content,3,general
prevent,3,general
safe,3,general
invite,3,general
mix,3,general
element,3,general
effective,3,general
correct,3,general
medical,3,general
admit,3,general
beat,3,general
telephone,3,general
copy,3,general
committee,3,general
aware,3,general
advice,3,general
handle,3,general
glass,3,general
trial,3,general
stress,3,general
radio,3,general
administration,3,general
complex,3,general
text,3,general
context,3,general
ride,3,general
directly,3,general
heavy,3,general
remove,3,general
conduct,3,general
equipment,3,general
otherwise,3,general
title,3,general
extra,3,general
executive,3,general
chair,3,general
expensive,3,general
sample,3,general
sex,3,general
deliver,3,general
video,3,general
connection,3,general
primary,3,general
weather,3,general
collect,3,general
inform,3,general
principle,3,general
straight,3,general
appeal,3,general
highly,3,general
trust,3,general
wonderful,3,general
flat,3,general
absolutely,3,general
flow,3,general
fair,3,general
additional,3,general
responsible,3,general
farm,3,general
collection,3,general
hang,3,general
negative,3,general
band,3,general
relative,3,general
tour,3,general
alternative,3,general
software,3,general
pair,3,general
ship,3,general
attitude,3,general
cheap,3,general
double,3,general
leg,3,general
observe,3,general
sentence,3,general
print,3,general
progress,3,general
truth,3,general
nobody,3,general
examine,3,general
lay,3,general
speed,3,general
politics,3,general
reply,3,general
display,3,general
transfer,3,general
perfect,3,general
slightly,3,general
overall,3,general
intend,3,general
user,3,general
respond,3,general
dinner,3,general
slow,3,general
regular,3,general
physical,3,general
apart,3,general
suit,3,general
federal,3,general
reveal,3,general
percentage,3,general
peace,3,general
status,3,general
crime,3,general
decline,3,general
decade,3,general
launch,3,general
warn,3,general
consumer,3,general
favor,3,general
dry,3,general
partner,3,general
institution,3,general
spot,3,general
horse,3,general
eventually,3,general
heat,3,general
excite,3,general
reader,3,general
importance,3,general
distance,3,general
guide,3,general
grant,3,general
taxi,3,general
feed,3,general
pain,3,general
sector,3,general
mistake,3,general
ensure,3,general
satisfy,3,general
chief,3,general
cool,3,general
expert,3,general
wave,3,general
south,3,general
labor,3,general
surface,3,general
library,3,general
excellent,3,general
edge,3,general
camp,3,general
audience,3,general
lift,3,general
procedure,3,general
email,3,general
global,3,general
struggle,3,general
advertise,3,general
select,3,general
surround,3,general
extent,3,general
river,3,general
annual,3,general
fully,3,general
contrast,3,general
roll,3,general
reality,3,general
photograph,3,general
artist,3,general
conflict,3,general
entire,3,general
presence,3,general
crowd,3,general
corner,3,general
gas,3,general
shift,3,general
net,3,general
category,3,general
secretary,3,general
defense,3,general
quick,3,general
cook,3,general
spread,3,general
nuclear,3,general
scale,3,general
driver,3,general
ball,3,general
cry,3,general
introduction,3,general
requirement,3,general
north,3,general
confirm,3,general
senior,3,general
photo,3,general
refuse,3,general
transport,3,general
emerge,3,general
map,3,general
concept,3,general
island,3,general
reform,3,general
neither,3,general
football,3,general
survive,3,general
flight,3,general
left,3,general
solve,3,general
neighbor,3,general
background,3,general
technique,3,general
traffic,3,general
improvement,3,general
tool,3,general
consequence,3,general
circumstance,3,general
smoke,3,general
reaction,3,general
rain,3,general
busy,3,general
lesson,3,general
brain,3,general
mass,3,general
funny,3,general
contribute,3,general
failure,3,general
schedule,3,general
speaker,3,general
bottom,3,general
adopt,3,general
combine,3,general
mountain,3,general
waste,3,general
hide,3,general
marriage,3,general
ticket,3,general
meal,3,general
colleague,3,general
bag,3,general
repeat,3,general
equal,3,general
expression,3,general
plus,3,general
extremely,3,general
owner,3,general
plane,3,general
commercial,3,general
lady,3,general
duty,3,general
strength,3,general
connect,3,general
cultural,3,general
arrange,3,general
scheme,3,general
payment,3,general
unfortunately,3,general
brief,3,general
bird,3,general
demonstrate,3,general
contribution,3,general
appreciate,3,general
chapter,3,general
secret,3,general
apparently,3,general
novel,3,general
union,3,general
burn,3,general
trend,3,general
initial,3,general
pleasure,3,general
suggestion,3,general
critical,3,general
gather,3,general
mostly,3,general
earth,3,general
pop,3,general
essential,3,general
desire,3,general
promote,3,general
currently,3,general
employ,3,general
path,3,general
topic,3,general
beach,3,general
attract,3,general
engage,3,general
powerful,3,general
flower,3,general
crisis,3,general
settle,3,general
boat,3,general
aid,3,general
fan,3,general
kitchen,3,general
twice,3,general
fresh,3,general
delay,3,general
safety,3,general
engineer,3,general
quiet,3,general
insurance,3,general
nurse,3,general
divide,3,general
length,3,general
investigation,3,general
package,3,general
somewhere,3,general
expand,3,general
commit,3,general
obvious,3,general
jump,3,general
weapon,3,general
relatively,3,general
host,3,general
winter,3,general
district,3,general
broad,3,general
tire,3,general
spring,3,general
spirit,3,general
lunch,3,general
actual,3,general
pool,3,general
battle,3,general
tradition,3,general
cash,3,general
hardly,3,general
award,3,general
coach,3,general
experiment,3,general
consideration,3,general
strange,3,general
code,3,general
possibly,3,general
threat,3,general
accident,3,general
impossible,3,general
revenue,3,general
enable,3,general
afraid,3,general
active,3,general
conclude,3,general
religious,3,general
cancer,3,general
convince,3,general
vary,3,general
environmental,3,general
sun,3,general
healthy,3,general
blow,3,general
volume,3,general
location,3,general
invest,3,general
proceed,3,general
wash,3,general
actor,3,general
glad,3,general
tape,3,general
whereas,3,general
opposite,3,general
stone,3,general
sum,3,general
murder,3,general
monitor,3,general
soldier,3,general
finance,3,general
hate,3,general
egg,3,general
concert,3,general
shock,3,general
comfortable,3,general
usual,3,general
carefully,3,general
pack,3,general
recall,3,general
wine,3,general
camera,3,general
swim,3,general
manufacture,3,general
theater,3,general
cycle,3,general
coffee,3,general
totally,3,general
museum,3,general
visitor,3,general
freedom,3,general
construction,3,general
dear,3,general
objective,3,general
moreover,3,general
onto,3,general
historical,3,general
oppose,3,general
branch,3,general
vehicle,3,general
scientist,3,general
route,3,general
bind,3,general
belong,3,general
taste,3,general
tonight,3,general
fashion,3,general
danger,3,general
bomb,3,general
army,3,general
dangerous,3,general
decrease,3,general
hurt,3,general
council,3,general
editor,3,general
normally,3,general
sight,3,general
generate,3,general
gift,3,general
delivery,3,general
deny,3,general
guest,3,general
anybody,3,general
bedroom,3,general
quote,3,general
climb,3,general
basically,3,general
violence,3,general
minister,3,general
mainly,3,general
mouth,3,general
noise,3,general
manner,3,general
gun,3,general
square,3,general
occasion,3,general
familiar,3,general
ignore,3,general
destroy,3,general
affair,3,general
civil,3,general
locate,3,general
citizen,3,general
temperature,3,general
gold,3,general
domestic,3,general
load,3,general
belief,3,general
troop,3,general
technical,3,general
remind,3,general
arrangement,3,general
skin,3,general
prison,3,general
switch,3,general
acquire,3,general
corporate,3,general
fairly,3,general
wood,3,general
participate,3,general
tough,3,general
tear,3,general
representative,3,general
capacity,3,general
border,3,general
shake,3,general
assessment,3,general
shoe,3,general
ought,3,general
ad,3,general
fee,3,general
hall,3,general
regulation,3,general
escape,3,general
studio,3,general
proper,3,general
relax,3,general
tourist,3,general
component,3,general
afford,3,general
lawyer,3,general
suspect,3,general
cup,3,general
description,3,general
confidence,3,general
industrial,3,general
complain,3,general
perspective,3,general
error,3,general
arrest,3,general
assess,3,general
register,3,general
asset,3,general
signal,3,general
finger,3,general
relevant,3,general
explore,3,general
leadership,3,general
commitment,3,general
wake,3,general
necessarily,3,general
bright,3,general
frame,3,general
slowly,3,general
bond,3,general
hire,3,general
hole,3,general
tie,3,general
internal,3,general
chain,3,general
literature,3,general
victim,3,general
threaten,3,general
division,3,general
secure,3,general
amaze,3,general
device,3,general
birth,3,general
forest,3,general
label,3,general
root,3,general
factory,3,general
expense,3,general
channel,3,general
investigate,3,general
recommendation,3,general
rank,3,general
typical,3,general
west,3,general
friendly,3,general
resident,3,general
provision,3,general
concentrate,3,general
plenty,3,general
export,3,general
entirely,3,general
strongly,3,general
bridge,3,general
consist,3,general
graduate,3,general
brand,3,general
moral,3,general
insist,3,general
combination,3,general
abuse,3,general
ice,3,general
principal,3,general
master,3,general
definitely,3,general
session,3,general
grade,3,general
nevertheless,3,general
predict,3,general
previously,3,general
protection,3,general
largely,3,general
wed,3,general
rent,3,general
shot,3,general
appearance,3,general
reasonable,3,general
guarantee,3,general
till,3,general
theme,3,general
judgment,3,general
odd,3,general
approve,3,general
loan,3,general
definition,3,general
elect,3,general
atmosphere,3,general
farmer,3,general
comparison,3,general
characteristic,3,general
license,3,general
rely,3,general
narrow,3,general
succeed,3,general
identity,3,general
desk,3,general
permit,3,general
seriously,3,general
wild,3,general
empty,3,general
commission,3,general
unique,3,general
association,3,general
instrument,3,general
investor,3,general
practical,3,general
tea,3,general
lovely,3,general
soft,3,general
row,3,general
youth,3,general
lock,3,general
fuel,3,general
expectation,3,general
employment,3,general
celebrate,3,general
sexual,3,general
shoulder,3,general
breath,3,general
increasingly,3,general
import,3,general
bottle,3,general
ourselves,3,general
sheet,3,general
engine,3,general
cast,3,general
notion,3,general
conservative,3,general
journey,3,general
opposition,3,general
relief,3,general
debt,3,general
honor,3,general
outcome,3,general
blame,3,general
explanation,3,general
arise,3,general
musical,3,general
recover,3,general
dad,3,general
stretch,3,general
declare,3,general
retire,3,general
tiny,3,general
careful,3,general
suitable,3,general
native,3,general
fruit,3,general
analyze,3,general
witness,3,general
mail,3,general
terrible,3,general
researcher,3,general
ordinary,3,general
selection,3,general
anywhere,3,general
mental,3,general
participant,3,general
vision,3,general
personality,3,general
specifically,3,general
fat,3,general
entry,3,general
fellow,3,general
chemical,3,general
capture,3,general
tip,3,general
discount,3,general
peak,3,general
chairman,3,general
proportion,3,general
ear,3,general
disappear,3,general
shout,3,general
yard,3,general
constant,3,general
significantly,3,general
hill,3,general
considerable,3,general
instruction,3,general
intelligence,3,general
ideal,3,general
folk,3,general
surely,3,general
guard,3,general
cat,3,general
somewhat,3,general
kiss,3,general
presentation,3,general
joint,3,general
compete,3,general
poll,3,general
weak,3,general
faith,3,general
reduction,3,general
reserve,3,general
complaint,3,general
bore,3,general
mission,3,general
somehow,3,general
tone,3,general
neighborhood,3,general
passenger,3,general
justice,3,general
phase,3,general
thin,3,general
rush,3,general
formal,3,general
religion,3,general
employer,3,general
reject,3,general
latter,3,general
plate,3,general
ban,3,general
steal,3,general
protest,3,general
index,3,general
sad,3,general
frequently,3,general
circle,3,general
helpful,3,general
command,3,general
attractive,3,general
sick,3,general
impression,3,general
unable,3,general
joke,3,general
sky,3,general
column,3,general
electronic,3,general
impose,3,general
criminal,3,general
besides,3,general
properly,3,general
ancient,3,general
coast,3,general
ill,3,general
kick,3,general
closely,3,general
multiple,3,general
yield,3,general
via,3,general
legislation,3,general
county,3,general
unlike,3,general
mobile,3,general
assistant,3,general
implement,3,general
chart,3,general
attach,3,general
hell,3,general
everywhere,3,general
advise,3,general
household,3,general
acknowledge,3,general
reward,3,general
east,3,general
hat,3,general
academic,3,general
voter,3,general
meanwhile,3,general
furthermore,3,general
accuse,3,general
scientific,3,general
wage,3,general
absence,3,general
construct,3,general
remark,3,general
medicine,3,general
professor,3,general
rare,3,general
intention,3,general
dozen,3,general
settlement,3,general
gap,3,general
widely,3,general
minimum,3,general
northern,3,general
estate,3,general
equally,3,general
expose,3,general
alive,3,general
shut,3,general
victory,3,general
resolve,3,general
critic,3,general
variable,3,general
enormous,3,general
sweet,3,general
permanent,3,general
emotion,3,general
pursue,3,general
tall,3,general
urge,3,general
enemy,3,general
appoint,3,general
milk,3,general
talent,3,general
smell,3,general
prior,3,general
priority,3,general
online,3,general
phrase,3,general
pilot,3,general
stable,3,general
merely,3,general
resolution,3,general
communicate,3,general
injury,3,general
vast,3,general
exhibition,3,general
producer,3,general
regional,3,general
immediate,3,general
incident,3,general
childhood,3,general
draft,3,general
slip,3,general
accompany,3,general
politician,3,general
angry,3,general
knock,3,general
seed,3,general
salary,3,general
illustrate,3,general
imply,3,general
breakfast,3,general
temporary,3,general
liberal,3,general
lake,3,general
qualify,3,general
competitive,3,general
truly,3,general
hi,3,general
yellow,3,general
habit,3,general
disk,3,general
core,3,general
emotional,3,general
aircraft,3,general
self,3,general
metal,3,general
existence,3,general
bone,3,general
panel,3,general
prime,3,general
appointment,3,general
emphasize,3,general
maximum,3,general
effectively,3,general
elsewhere,3,general
bother,3,general
initiative,3,general
sharp,3,general
diet,3,general
motion,3,general
gray,3,general
plastic,3,general
complicate,3,general
discipline,3,general
disappoint,3,general
boss,3,general
assumption,3,general
freeze,3,general
extreme,3,general
passage,3,general
reputation,3,general
forth,3,general
negotiation,3,general
mechanism,3,general
coat,3,general
democracy,3,general
pocket,3,general
lucky,3,general
crash,3,general
observation,3,general
meat,3,general
concentration,3,general
implication,3,general
deserve,3,general
unusual,3,general
defend,3,general
classic,3,general
king,3,general
interaction,3,general
repair,3,general
collapse,3,general
borrow,3,general
fundamental,3,general
dish,3,general
abroad,3,general
soul,3,general
capable,3,general
defeat,3,general
presidential,3,general
perfectly,3,general
enhance,3,general
proud,3,general
emergency,3,general
educational,3,general
distinguish,3,general
substantial,3,general
nearby,3,general
manufacturer,3,general
slide,3,general
valuable,3,general
personally,3,general
breast,3,general
cope,3,general
approximately,3,general
accommodation,3,general
highlight,3,general
reporter,3,general
climate,3,general
shirt,3,general
exception,3,general
corporation,3,general
chip,3,general
winner,3,general
encounter,3,general
brown,3,general
breathe,3,general
excuse,3,general
partly,3,general
tennis,3,general
urban,3,general
confuse,3,general
southern,3,general
output,3,general
beauty,3,general
massive,3,general
install,3,general
calculate,3,general
mouse,3,general
mathematics,3,general
upper,3,general
creation,3,general
occupy,3,general
outline,3,general
sufficient,3,general
update,3,general
luck,3,general
preserve,3,general
split,3,general
swing,3,general
illness,3,general
journalist,3,general
sudden,3,general
advertisement,3,general
consistent,3,general
originally,3,general
aside,3,general
comfort,3,general
secondly,3,general
severe,3,general
gene,3,general
prospect,3,general
snow,3,general
plot,3,general
neck,3,general
criterion,3,general
primarily,3,general
integrate,3,general
criticism,3,general
convention,3,general
bet,3,general
retain,3,general
sequence,3,general
plain,3,general
volunteer,3,general
rural,3,general
calm,3,general
abandon,3,general
examination,3,general
silence,3,general
rapidly,3,general
efficient,3,general
revolution,3,general
delight,3,general
spell,3,general
premise,3,general
lean,3,general
dramatic,3,general
differ,3,general
grateful,3,general
protein,3,general
bike,3,general
distribute,3,general
intellectual,3,general
derive,3,general
crucial,3,general
unemployment,3,general
wheel,3,general
crop,3,general
minority,3,general
origin,3,general
interpretation,3,general
gentleman,3,general
drama,3,general
landscape,3,general
educate,3,general
toy,3,general
fault,3,general
exhibit,3,general
minor,3,general
hunt,3,general
storm,3,general
thick,3,general
achievement,3,general
negotiate,3,general
dominate,4,general
supplier,4,general
prize,4,general
typically,4,general
peer,4,general
pension,4,general
wing,4,general
acquisition,4,general
laughter,4,general
deeply,4,general
recognition,4,general
electricity,4,general
assistance,4,general
roof,4,general
retirement,4,general
respectively,4,general
variation,4,general
ultimately,4,general
proof,4,general
soil,4,general
smart,4,general
layer,4,general
upset,4,general
tooth,4,general
representation,4,general
preparation,4,general
dispute,4,general
agenda,4,general
emphasis,4,general
edition,4,general
silver,4,general
entertainment,4,general
honest,4,general
undertake,4,general
retail,4,general
wire,4,general
unlikely,4,general
gay,4,general
publication,4,general
slight,4,general
unknown,4,general
framework,4,general
zone,4,general
restrict,4,general
trace,4,general
inch,4,general
equivalent,4,general
solid,4,general
enterprise,4,general
elderly,4,general
owe,4,general
governor,4,general
uniform,4,general
port,4,general
pitch,4,general
arrival,4,general
contemporary,4,general
gate,4,general
ease,4,general
beer,4,general
specialist,4,general
assure,4,general
profile,4,general
mood,4,general
episode,4,general
crack,4,general
numerous,4,general
submit,4,general
symptom,4,general
virtually,4,general
era,4,general
coverage,4,general
tension,4,general
cable,4,general
sensitive,4,general
nervous,4,general
input,4,general
isolate,4,general
prisoner,4,general
eliminate,4,general
tight,4,general
wet,4,general
secondary,4,general
welfare,4,general
recruit,4,general
exclude,4,general
string,4,general
cloud,4,general
persuade,4,general
inspire,4,general
grand,4,general
hence,4,general
crew,4,general
phenomenon,4,general
pupil,4,general
false,4,general
assist,4,general
restore,4,general
formula,4,general
alter,4,general
perceive,4,general
routine,4,general
sink,4,general
stare,4,general
anymore,4,general
hero,4,general
supporter,4,general
convert,4,general
steady,4,general
meter,4,general
truck,4,general
nose,4,general
beside,4,general
sail,4,general
disaster,4,general
pace,4,general
heavily,4,general
devote,4,general
terrorist,4,general
justify,4,general
vital,4,general
fascinate,4,general
external,4,general
spare,4,general
whenever,4,general
depression,4,general
guilty,4,general
underlie,4,general
mom,4,general
distinction,4,general
satisfaction,4,general
incorporate,4,general
pour,4,general
sweep,4,general
obligation,4,general
sir,4,general
evaluate,4,general
anger,4,general
pub,4,general
perception,4,general
naturally,4,general
currency,4,general
database,4,general
initially,4,general
territory,4,general
stream,4,general
rarely,4,general
height,4,general
apparent,4,general
western,4,general
expansion,4,general
constantly,4,general
muscle,4,general
scare,4,general
badly,4,general
everyday,4,general
boundary,4,general
ratio,4,general
essay,4,general
scream,4,general
withdraw,4,general
pollution,4,general
disorder,4,general
furniture,4,general
symbol,4,general
apartment,4,general
demonstration,4,general
analyst,4,general
platform,4,general
steel,4,general
cake,4,general
transform,4,general
wound,4,general
restriction,4,general
foundation,4,general
designer,4,general
strain,4,general
innovation,4,general
album,4,general
singer,4,general
trail,4,general
trap,4,general
loose,4,general
extension,4,general
wealth,4,general
gradually,4,general
tank,4,general
evil,4,general
remarkable,4,general
tune,4,general
grass,4,general
invitation,4,general
transition,4,general
frighten,4,general
bid,4,general
breed,4,general
extraordinary,4,general
brilliant,4,general
adviser,4,general
stem,4,general
reverse,4,general
mode,4,general
mirror,4,general
awful,4,general
pose,4,general
adjust,4,general
creative,4,general
nowadays,4,general
poem,4,general
agricultural,4,general
competitor,4,general
alcohol,4,general
festival,4,general
vegetable,4,general
van,4,general
confident,4,general
planet,4,general
curve,4,general
knee,4,general
overcome,4,general
web,4,general
depth,4,general
entrance,4,general
log,4,general
giant,4,general
god,4,general
portion,4,general
substance,4,general
extensive,4,general
interpret,4,general
independence,4,general
sugar,4,general
inner,4,general
harm,4,general
consult,4,general
pink,4,general
shadow,4,general
strip,4,general
smooth,4,general
intervention,4,general
impress,4,general
exam,4,general
vice,4,general
radical,4,general
similarly,4,general
behave,4,general
loud,4,general
dimension,4,general
subsequent,4,general
infection,4,general
jacket,4,general
efficiency,4,general
dirty,4,general
statistic,4,general
regularly,4,general
resort,4,general
iron,4,general
broadcast,4,general
membership,4,general
bread,4,general
blind,4,general
pure,4,general
bloody,4,general
ally,4,general
quantity,4,general
bend,4,general
mature,4,general
briefly,4,general
alarm,4,general
disturb,4,general
sustain,4,general
flood,4,general
poverty,4,general
crazy,4,general
cite,4,general
newly,4,general
parallel,4,general
gender,4,general
sponsor,4,general
boot,4,general
accurate,4,general
dealer,4,general
button,4,general
burden,4,general
desert,4,general
mate,4,general
occasionally,4,general
shareholder,4,general
bowl,4,general
discovery,4,general
resistance,4,general
bath,4,general
frequency,4,general
criticize,4,general
tap,4,general
philosophy,4,general
lip,4,general
attribute,4,general
apologize,4,general
approval,4,general
grab,4,general
entitle,4,general
lend,4,general
involvement,4,general
exposure,4,general
conventional,4,general
digital,4,general
translate,4,general
edit,4,general
formation,4,general
deposit,4,general
pleasant,4,general
overseas,4,general
advocate,4,general
establishment,4,general
summary,4,general
rough,4,general
pen,4,general
recovery,4,general
seal,4,general
tube,4,general
tower,4,general
characterize,4,general
specify,4,general
exact,4,general
spin,4,general
operator,4,general
infant,4,general
dig,4,general
drag,4,general
mount,4,general
wrap,4,general
anticipate,4,general
dependent,4,general
specialize,4,general
angle,4,general
chicken,4,general
anxiety,4,general
virus,4,general
precisely,4,general
rival,4,general
offense,4,general
detect,4,general
teenager,4,general
admire,4,general
moderate,4,general
surgery,4,general
musician,4,general
significance,4,general
shower,4,general
illegal,4,general
charity,4,general
universal,4,general
cigarette,4,general
constitute,4,general
adequate,4,general
consultant,4,general
historian,4,general
cousin,4,general
visual,4,general
stupid,4,general
keen,4,general
ethnic,4,general
twin,4,general
clinical,4,general
eastern,4,general
forecast,4,general
segment,4,general
custom,4,general
adapt,4,general
sand,4,general
cap,4,general
prompt,4,general
charm,4,general
react,4,general
lecture,4,general
venture,4,general
compound,4,general
rescue,4,general
mess,4,general
preference,4,general
comprehensive,4,general
incentive,4,general
league,4,general
dialog,4,general
cream,4,general
rapid,4,general
cancel,4,general
regret,4,general
dismiss,4,general
margin,4,general
beneath,4,general
opponent,4,general
resist,4,general
capability,4,general
absolute,4,general
correspond,4,general
stroke,4,general
dare,4,general
barrier,4,general
rid,4,general
divorce,4,general
ruin,4,general
bury,4,general
counsel,4,general
tendency,4,general
frequent,4,general
motor,4,general
survival,4,general
counter,4,general
possess,4,general
permission,4,general
valley,4,general
float,4,general
mad,4,general
greatly,4,general
visible,4,general
electric,4,general
impressive,4,general
evolution,4,general
awareness,4,general
violent,4,general
slave,4,general
wealthy,4,general
architecture,4,general
acceptable,4,general
journal,4,general
coal,4,general
measurement,4,general
random,4,general
successfully,4,general
depress,4,general
illustration,4,general
burst,4,general
privilege,4,general
buyer,4,general
mutual,4,general
rail,4,general
motivate,4,general
laboratory,4,general
mortgage,4,general
promotion,4,general
passion,4,general
champion,4,general
fulfill,4,general
dust,4,general
dedicate,4,general
roughly,4,general
skirt,4,general
province,4,general
march,4,general
evaluation,4,general
compromise,4,general
accomplish,4,general
weakness,4,general
announcement,4,general
salt,4,general
glance,4,general
opera,4,general
contest,4,general
brush,4,general
embarrass,4,general
gallery,4,general
genetic,4,general
aggressive,4,general
chest,4,general
format,4,general
literary,4,general
govern,4,general
embrace,4,general
praise,4,general
silent,4,general
pump,4,general
publisher,4,general
celebration,4,general
golf,4,general
compensation,4,general
classical,4,general
weigh,4,general
versus,4,general
deficit,4,general
modify,4,general
flash,4,general
friendship,4,general
profession,4,general
literally,4,general
equation,4,general
gesture,4,general
entertain,4,general
fantastic,4,general
assign,4,general
inflation,4,general
historic,4,general
injure,4,general
remote,4,general
therapy,4,general
orange,4,general
twist,4,general
personnel,4,general
imagination,4,general
disagree,4,general
throat,4,general
insight,4,general
tackle,4,general
forever,4,general
exceed,4,general
expenditure,4,general
joy,4,general
pregnant,4,general
reliable,4,general
gear,4,general
poet,4,general
fortune,4,general
ceremony,4,general
pile,4,general
pig,4,general
mixture,4,general
automatically,4,general
scholar,4,general
psychological,4,general
dramatically,4,general
stake,4,general
creature,4,general
partnership,4,general
participation,4,general
clause,4,general
penalty,4,general
chamber,4,general
fancy,4,general
poetry,4,general
chat,4,general
clothing,4,general
evolve,4,general
sake,4,general
shelf,4,general
boost,4,general
tail,4,general
possession,4,general
abortion,4,general
curious,4,general
wooden,4,general
boom,4,general
tale,4,general
democratic,4,general
maintenance,4,general
consequently,4,general
pot,4,general
cow,4,general
strengthen,4,general
whilst,4,general
constraint,4,general
fold,4,general
bin,4,general
undergo,4,general
potentially,4,general
scope,4,general
pretend,4,general
diversity,4,general
allege,4,general
pride,4,general
intense,4,general
inquiry,4,general
resign,4,general
craft,4,general
strict,4,general
concrete,4,general
shell,4,general
damn,4,general
distinct,4,general
humor,4,general
limitation,4,general
indication,4,general
stability,4,general
wise,4,general
neglect,4,general
compose,4,general
jail,4,general
shelter,4,general
mere,4,general
carbon,4,general
regulate,4,general
cheese,4,general
trigger,4,general
pipe,4,general
destruction,4,general
guitar,4,general
flag,4,general
piano,4,general
magic,4,general
mystery,4,general
ski,4,general
whisper,4,general
rear,4,general
menu,4,general
species,4,general
moon,4,general
presumably,4,general
bless,4,general
airline,4,general
amendment,4,general
grandmother,4,general
jury,4,general
cooperation,4,general
civilian,4,general
composition,4,general
coin,4,general
regardless,4,general
scan,4,general
bunch,4,general
racial,4,general
greet,4,general
hopefully,4,general
sanction,4,general
trick,4,general
paragraph,4,general
maker,4,general
chocolate,4,general
stimulate,4,general
belt,4,general
potato,4,general
narrative,4,general
tissue,4,general
barely,4,general
invent,4,general
tourism,4,general
pro,4,general
stair,4,general
hesitate,4,general
shine,4,general
motivation,4,general
romantic,4,general
firmly,4,general
interior,4,general
stomach,4,general
nowhere,4,general
pray,4,general
championship,4,general
servant,4,general
immigrant,4,general
excess,4,general
complexity,4,general
liability,4,general
surprisingly,4,general
extract,4,general
implementation,4,general
bias,4,general
differently,4,general
catalog,4,general
continuous,4,general
golden,4,general
stamp,4,general
guideline,4,general
envelope,4,general
knife,4,general
biological,4,general
consume,4,general
luxury,4,general
weekly,4,general
wherever,4,general
bite,4,general
printer,4,general
firstly,4,general
anxious,4,general
adventure,4,general
fence,4,general
exhaust,4,general
attraction,4,general
ocean,4,general
quietly,4,general
castle,4,general
veteran,4,general
reflection,4,general
nerve,4,general
determination,4,general
altogether,4,general
fiction,4,general
carpet,4,general
cluster,4,general
confusion,4,general
hurry,4,general
logic,4,general
controversial,4,general
raw,4,general
grammar,4,general
revise,4,general
hint,4,general
hook,4,general
bell,4,general
liquid,4,general
panic,4,general
uncle,4,general
rice,4,general
slope,4,general
happiness,4,general
genuine,4,general
vessel,4,general
verb,4,general
reckon,4,general
silly,4,general
transportation,4,general
harbor,4,general
comedy,4,general
chase,4,general
storage,4,general
universe,4,general
horrible,4,general
sheep,4,general
lover,4,general
rat,4,general
portrait,4,general
innocent,4,general
substitute,4,general
supplement,4,general
adjustment,4,general
reasonably,4,general
filter,4,general
flexible,4,general
abstract,4,general
tent,4,general
precise,4,general
distant,4,general
stranger,4,general
shade,4,general
grain,4,general
situate,4,general
summarize,4,general
leap,4,general
snap,4,general
probability,4,general
leather,4,general
uncertainty,4,general
swear,4,general
refugee,4,general
shore,4,general
monthly,4,general
comprise,4,general
stir,4,general
excitement,4,general
sigh,4,general
pregnancy,4,general
experimental,4,general
institutional,4,general
slice,4,general
wander,4,general
empire,4,general
subsequently,4,general
gentle,4,general
attendance,4,general
ownership,4,general
qualification,4,general
suspend,4,general
functional,4,general
voluntary,4,general
pale,4,general
stain,4,general
athlete,4,general
organic,4,general
tongue,4,general
server,4,general
structural,4,general
fool,4,general
alongside,4,general
unite,4,general
gently,4,general
compute,4,general
wipe,4,general
weird,4,general
gaze,4,general
fade,4,general
cough,4,general
hypothesis,4,general
royal,4,general
theoretical,4,general
curtain,4,general
mayor,4,general
darkness,4,general
aunt,4,general
tournament,4,general
registration,4,general
fragment,4,general
listener,4,general
tender,4,general
density,4,general
ugly,4,general
module,4,general
faithfully,4,general
autumn,4,general
cheek,4,general
attachment,4,general
holder,4,general
grin,4,general
noun,4,general
fortunate,4,general
alright,4,general
lazy,4,general
hello,4,general
hunger,4,general
insure,4,general
ashamed,4,general
found,4,general
thirst,4,general
two,1,general
three,1,general
four,1,general
five,1,general
million,1,general
six,1,general
hundred,1,general
ten,1,general
thousand,1,general
seven,1,general
eight,1,general
nine,1,general
billion,1,general
twenty,1,general
thirty,1,general
fifty,1,general
twelve,1,general
fifteen,1,general
nineteen,1,general
forty,1,general
zero,1,general
eighteen,1,general
eleven,1,general
sixteen,1,general
sixty,1,general
fourteen,1,general
eighty,1,general
seventy,1,general
seventeen,1,general
thirteen,1,general
ninety,1,general
trillion,1,general
august,1,general
july,1,general
monday,1,general
october,1,general
february,1,general
january,1,general
june,1,general
friday,1,general
saturday,1,general
sunday,1,general
wednesday,1,general
thursday,1,general
april,1,general
december,1,general
november,1,general
