version: 1.0,published: 04/09/2019,date queried: 12/30/2020,grade: 6-8,domains: general

Word,Domain,Grade
analysis,general,6-8
absolute,general,6-8
variation,general,6-8
academic,general,6-8
conjecture,general,6-8
association,general,6-8
interval,general,6-8
standardize,general,6-8
initial,general,6-8
percentage,general,6-8
approximate,general,6-8
translate,general,6-8
modify,general,6-8
randomly,general,6-8
conditional,general,6-8
periodic,general,6-8
approximately,general,6-8
objective,general,6-8
appeal,general,6-8
cite,general,6-8
principle,general,6-8
statistics,general,6-8
assess,general,6-8
verify,general,6-8
experimental,general,6-8
universal,general,6-8
alternate,general,6-8
annual,general,6-8
effective,general,6-8
bias,general,6-8
precision,general,6-8
eliminate,general,6-8
integration,general,6-8
satisfy,general,6-8
arrangement,general,6-8
calculation,general,6-8
extension,general,6-8
trend,general,6-8
assign,general,6-8
noble,general,6-8
thus,general,6-8
indirect,general,6-8
enable,general,6-8
emphasize,general,6-8
paraphrase,general,6-8
participate,general,6-8
aspect,general,6-8
continuous,general,6-8
compose,general,6-8
insight,general,6-8
enlarge,general,6-8
consult,general,6-8
interpretation,general,6-8
complement,general,6-8
distinct,general,6-8
instance,general,6-8
distinguish,general,6-8
format,general,6-8
distribute,general,6-8
synthesize,general,6-8
verbal,general,6-8
downward,general,6-8
margin,general,6-8
slant,general,6-8
dynamic,general,6-8
significant,general,6-8
confirm,general,6-8
valid,general,6-8
brainstorm,general,6-8
external,general,6-8
prior,general,6-8
restate,general,6-8
effectively,general,6-8
operate,general,6-8
fundamental,general,6-8
peer,general,6-8
isolate,general,6-8
greatly,general,6-8
accurately,general,6-8
commonly,general,6-8
dramatic,general,6-8
frequently,general,6-8
logically,general,6-8
singular,general,6-8
advertise,general,6-8
apparent,general,6-8
span,general,6-8
similarly,general,6-8
insert,general,6-8
climax,general,6-8
educate,general,6-8
imply,general,6-8
achievement,general,6-8
creative,general,6-8
boldface,general,6-8
informative,general,6-8
properly,general,6-8
ensure,general,6-8
fully,general,6-8
analogy,general,6-8
assumption,general,6-8
restrict,general,6-8
occupy,general,6-8
regard,general,6-8
complicate,general,6-8
enclose,general,6-8
intend,general,6-8
optical,general,6-8
intensity,general,6-8
tendency,general,6-8
virtual,general,6-8
admire,general,6-8
conversion,general,6-8
inductively,general,6-8
rapid,general,6-8
respectively,general,6-8
yield,general,6-8
breed,general,6-8
cumulative,general,6-8
subordinate,general,6-8
suspect,general,6-8
chronological,general,6-8
continuously,general,6-8
efficiency,general,6-8
undergo,general,6-8
categorize,general,6-8
rearrange,general,6-8
typically,general,6-8
update,general,6-8
revision,general,6-8
usage,general,6-8
derive,general,6-8
overlap,general,6-8
consistent,general,6-8
criteria,general,6-8
integrate,general,6-8
multimedia,general,6-8
atmospheric,general,6-8
explanatory,general,6-8
literacy,general,6-8
practical,general,6-8
resemble,general,6-8
widely,general,6-8
descend,general,6-8
improvement,general,6-8
obstacle,general,6-8
publication,general,6-8
simulate,general,6-8
briefly,general,6-8
highly,general,6-8
characterization,general,6-8
fascinate,general,6-8
hypothesize,general,6-8
precede,general,6-8
employ,general,6-8
restriction,general,6-8
anecdote,general,6-8
rubric,general,6-8
speculate,general,6-8
currently,general,6-8
limitation,general,6-8
meaningful,general,6-8
regularly,general,6-8
relatively,general,6-8
tightly,general,6-8
dominate,general,6-8
gender,general,6-8
organizational,general,6-8
participant,general,6-8
requirement,general,6-8
sufficient,general,6-8
systematic,general,6-8
circumstance,general,6-8
fictional,general,6-8
passive,general,6-8
specify,general,6-8
technical,general,6-8
acquire,general,6-8
logic,general,6-8
mythology,general,6-8
recreation,general,6-8
unfold,general,6-8
exposition,general,6-8
inductive,general,6-8
scheme,general,6-8
timeline,general,6-8
consequence,general,6-8
factual,general,6-8
astronomy,general,6-8
characterize,general,6-8
evolve,general,6-8
focal,general,6-8
quantitative,general,6-8
alter,general,6-8
denote,general,6-8
functional,general,6-8
observational,general,6-8
collaboration,general,6-8
comparative,general,6-8
fame,general,6-8
finite,general,6-8
orient,general,6-8
spun,general,6-8
caution,general,6-8
donate,general,6-8
exhaust,general,6-8
qualitative,general,6-8
symbolic,general,6-8
align,general,6-8
convenient,general,6-8
manipulate,general,6-8
propel,general,6-8
shield,general,6-8
significance,general,6-8
somewhat,general,6-8
exceed,general,6-8
exception,general,6-8
incomplete,general,6-8
keyword,general,6-8
originate,general,6-8
outward,general,6-8
reduction,general,6-8
unexpected,general,6-8
capitalize,general,6-8
destructive,general,6-8
occurrence,general,6-8
quest,general,6-8
rarely,general,6-8
steadily,general,6-8
symbolize,general,6-8
adequate,general,6-8
afterward,general,6-8
analytical,general,6-8
anticipate,general,6-8
classical,general,6-8
complexity,general,6-8
freely,general,6-8
impress,general,6-8
interfere,general,6-8
memorable,general,6-8
narration,general,6-8
numerous,general,6-8
partly,general,6-8
slight,general,6-8
suspend,general,6-8
thrive,general,6-8
deeply,general,6-8
enhance,general,6-8
favorable,general,6-8
motivation,general,6-8
regularity,general,6-8
thoroughly,general,6-8
uncover,general,6-8
vague,general,6-8
watt,general,6-8
contradiction,general,6-8
install,general,6-8
regulation,general,6-8
smoothly,general,6-8
technological,general,6-8
visually,general,6-8
brightly,general,6-8
annually,general,6-8
displace,general,6-8
educational,general,6-8
excess,general,6-8
introductory,general,6-8
regardless,general,6-8
reinforce,general,6-8
repel,general,6-8
shortage,general,6-8
spite,general,6-8
suitable,general,6-8
textual,general,6-8
worldwide,general,6-8
fitness,general,6-8
selective,general,6-8
separately,general,6-8
vital,general,6-8
exposure,general,6-8
likewise,general,6-8
minimize,general,6-8
partially,general,6-8
perceive,general,6-8
portable,general,6-8
abbreviation,general,6-8
converge,general,6-8
determination,general,6-8
flaw,general,6-8
mislead,general,6-8
persuasion,general,6-8
roughly,general,6-8
submersible,general,6-8
unbiased,general,6-8
unchanged,general,6-8
coherent,general,6-8
effectiveness,general,6-8
efficiently,general,6-8
incorporate,general,6-8
yearly,general,6-8
