Word,TSL Rank,SFI,U
mister,1,71.28,1342.2
conference,2,67.05,506.73
vacation,3,65.56,359.64
client,4,65.26,335.37
e-book,5,65.03,318.45
airport,6,65.02,317.72
memo,7,64.07,255.2
reservation,8,63.98,250.05
logical,9,63.89,244.91
fax,10,63.78,239.02
o'clock,11,63.51,224.31
sincerely,12,62.82,191.22
sometime,13,62.43,175.04
website,14,62.41,174.3
supervisor,15,62.41,174.3
candidate,16,62.41,174.3
refund,17,62.3,169.89
goods,18,62.13,163.27
workshop,19,62.07,161.06
downtown,20,61.95,156.65
deadline,21,61.91,155.18
invoice,22,61.85,152.97
brochure,23,61.68,147.09
noon,24,61.65,146.36
accountant,25,61.57,143.41
clerk,26,61.5,141.21
lobby,27,61.5,141.21
publish,28,61.45,139.74
résumé,29,57.53,56.63
enclose,30,61.36,136.79
applicant,31,61.27,133.85
seminar,32,61.27,133.85
technician,33,61.1,128.7
cloth,34,60.79,119.88
fare,35,60.65,116.2
receipt,36,60.71,117.67
traveler,37,60.62,115.47
caller,38,60.6,114.73
subway,39,60.6,114.73
luggage,40,60.51,112.52
shipment,41,60.37,108.85
infer,42,60.28,106.64
waiter,43,60.28,106.64
rental,44,60.25,105.91
warranty,45,60.19,104.43
cafeteria,46,60.16,103.7
chef,47,60,100.02
elevator,48,59.84,96.34
reception,49,59.84,96.34
correctly,50,#N/A,#N/A
lease,51,59.63,91.93
bicycle,52,59.6,91.2
notify,53,59.6,91.2
preview,54,59.6,91.2
attendant,55,59.56,90.46
subscription,56,59.56,90.46
convenient,57,59.49,88.99
manual,58,59.46,88.25
clue,59,59.38,86.78
garage,60,59.42,87.52
obtain,61,59.38,86.78
oval,62,59.38,86.78
inventory,63,59.27,84.58
outdoor,64,59.27,84.58
suitcase,65,59.27,84.58
destination,66,59.23,83.84
occupation,67,59.23,83.84
postpone,68,59.23,83.84
contradict,69,59.16,82.37
umbrella,70,59.12,81.64
inference,71,58.96,78.69
cellphone,72,58.92,77.96
compact,73,58.67,73.55
merchandise,74,58.67,73.55
receptionist,75,58.62,72.81
dentist,76,58.58,72.07
identification,77,58.58,72.07
coupon,78,58.53,71.34
depart,79,58.53,71.34
reschedule,80,58.53,71.34
tactic,81,58.49,70.6
renovation,82,58.44,69.87
upgrade,83,58.4,69.13
precede,84,58.35,68.4
replacement,85,58.44,69.87
dine,86,58.3,67.66
passport,87,58.3,67.66
coworker,88,58.21,66.19
upcoming,89,58.21,66.19
cabinet,90,58.16,65.46
appliance,91,58.11,64.72
explanatory,92,58.11,64.72
instructor,93,58.06,63.98
keyboard,94,58.11,64.72
media,95,58.06,63.98
supermarket,96,58.06,63.98
valid,97,58.11,64.72
admission,98,58.01,63.25
laptop,99,58.01,63.25
underline,100,58.01,63.25
electrical,101,57.96,62.51
airplane,102,57.91,61.78
assignment,103,57.91,61.78
exit,104,57.91,61.78
attendee,105,57.86,61.04
cruise,106,57.8,60.31
birthday,107,#N/A,#N/A
café,108,57.8,60.31
comprehension,109,57.75,59.57
mall,110,57.75,59.57
medication,111,57.75,59.57
recycle,112,57.75,59.57
renew,113,57.75,59.57
tenant,114,57.75,59.57
sandwich,115,57.7,58.84
departure,116,57.64,58.1
mini,117,57.64,58.1
fitness,118,57.59,57.37
inconvenience,119,57.59,57.37
banquet,120,57.53,56.63
closet,121,57.53,56.63
unreal,122,57.53,56.63
distractor,123,57.47,55.89
expire,124,57.47,55.89
folder,125,57.53,56.63
photocopy,126,57.47,55.89
renovate,127,57.47,55.89
sunny,128,57.47,55.89
calendar,129,57.42,55.16
donation,130,57.42,55.16
feedback,131,57.42,55.16
shortly,132,57.42,55.16
snack,133,57.42,55.16
warehouse,134,57.42,55.16
copier,135,57.36,54.42
provider,136,57.36,54.42
beverage,137,57.3,53.69
hungry,138,57.24,52.95
inspection,139,57.24,52.95
recipient,140,57.24,52.95
aisle,141,57.18,52.22
inspect,142,57.18,52.22
mechanic,143,57.18,52.22
merger,144,57.24,52.95
soccer,145,57.18,52.22
sweater,146,57.12,51.48
ingredient,147,57.12,51.48
rewrite,148,57.12,51.48
itinerary,149,57.05,50.75
workplace,150,57.05,50.75
architect,151,56.99,50.01
convenience,152,56.99,50.01
eligible,153,56.99,50.01
indoor,154,56.99,50.01
baggage,155,56.93,49.28
click,156,56.93,49.28
dial,157,56.93,49.28
container,158,56.86,48.54
drawer,159,56.86,48.54
lab,160,56.86,48.54
submission,161,56.86,48.54
bulletin,162,56.79,47.8
certificate,163,56.79,47.8
gym,164,56.99,50.01
highway,165,56.79,47.8
respondent,166,56.79,47.8
jewelry,167,56.73,47.07
overtime,168,56.73,47.07
battery,169,56.66,46.33
donate,170,56.66,46.33
outstanding,171,56.66,46.33
skim,172,56.66,46.33
briefcase,173,56.59,45.6
dessert,174,56.59,45.6
impact,175,56.59,45.6
innovative,176,56.59,45.6
inquire,177,56.59,45.6
overnight,178,56.59,45.6
venue,179,56.59,45.6
commuter,180,56.59,45.6
logo,181,56.52,44.86
newsletter,182,56.52,44.86
advisor,183,56.45,44.13
cartridge,184,56.45,44.13
cloudy,185,56.45,44.13
photographer,186,56.45,44.13
shopper,187,56.45,44.13
tag,188,56.45,44.13
announcer,189,56.37,43.39
aspect,190,56.37,43.39
audit,191,56.37,43.39
contractor,192,56.37,43.39
download,193,56.37,43.39
password,194,56.37,43.39
prohibit,195,56.37,43.39
stadium,196,56.37,43.39
terminal,197,56.37,43.39
weekday,198,56.37,43.39
bonus,199,56.3,42.66
cart,200,56.3,42.66
delicious,201,56.3,42.66
ink,202,56.3,42.66
supervise,203,56.3,42.66
waitress,204,56.37,43.39
cleaner,205,56.22,41.92
developer,206,56.22,41.92
headquarter,207,56.22,41.92
shuttle,208,56.22,41.92
stationery,209,56.22,41.92
subscribe,210,56.22,41.92
alike,211,56.15,41.19
flavor,212,56.15,41.19
picnic,213,56.15,41.19
recipe,214,56.15,41.19
refreshment,215,56.15,41.19
administrative,216,55.48,35.3
authorize,217,56.07,40.45
commonly,218,56.07,40.45
distribution,219,56.07,40.45
sofa,220,56.07,40.45
accommodate,221,55.99,39.71
affordable,222,55.99,39.71
annoy,223,55.99,39.71
commute,224,56.07,40.45
coordinate,225,56.07,40.45
paperwork,226,55.99,39.71
quit,227,55.99,39.71
authority,228,55.91,38.98
flu,229,55.91,38.98
captain,230,55.83,38.24
installation,231,55.83,38.24
trainer,232,55.83,38.24
availability,233,55.74,37.51
bargain,234,55.74,37.51
complimentary,235,55.74,37.51
hike,236,55.74,37.51
midnight,237,55.74,37.51
productivity,238,55.74,37.51
rainy,239,55.74,37.51
relocate,240,55.74,37.51
trainee,241,55.74,37.51
transaction,242,55.74,37.51
unhappy,243,55.74,37.51
verify,244,55.74,37.51
automobile,245,55.66,36.77
courier,246,55.66,36.77
incomplete,247,55.66,36.77
questionnaire,248,55.66,36.77
baseball,249,55.57,36.04
dock,250,55.57,36.04
lamp,251,55.57,36.04
lately,252,55.57,36.04
machinery,253,55.57,36.04
presenter,254,55.57,36.04
seldom,255,55.57,36.04
signature,256,55.57,36.04
worldwide,257,55.66,36.77
carrier,258,55.48,35.3
designate,259,55.48,35.3
exclusive,260,55.48,35.3
grocery,261,55.48,35.3
homework,262,55.48,35.3
memorandum,263,55.48,35.3
photocopier,264,55.48,35.3
suite,265,55.48,35.3
thorough,266,55.57,36.04
bookstore,267,55.48,35.3
cater,268,55.48,35.3
dental,269,55.39,34.57
duration,270,55.39,34.57
lounge,271,55.39,34.57
painter,272,55.39,34.57
patron,273,55.39,34.57
prescription,274,55.39,34.57
productive,275,55.39,34.57
salad,276,55.39,34.57
stack,277,55.39,34.57
delegate,278,55.29,33.83
salesperson,279,55.29,33.83
calculator,280,55.2,33.1
completion,281,55.2,33.1
defect,282,55.2,33.1
garbage,283,55.2,33.1
omit,284,55.2,33.1
spite,285,55.2,33.1
bathroom,286,55.1,32.36
cab,287,55.1,32.36
correspondence,288,55.1,32.36
ladder,289,55.1,32.36
photography,290,55.1,32.36
sculpture,291,55.1,32.36
anniversary,292,55,31.62
buffet,293,55.1,32.36
defective,294,55,31.62
ice cream,295,55,31.62
leak,296,55,31.62
occupancy,297,55,31.62
proficiency,298,55,31.62
renewal,299,55,31.62
urgent,300,55,31.62
annually,301,54.9,30.89
basketball,302,55,31.62
delete,303,54.9,30.89
illogical,304,54.9,30.89
pet,305,54.9,30.89
textbook,306,#N/A,#N/A
accurately,307,54.79,30.15
cabin,308,54.9,30.89
conductor,309,54.79,30.15
inspector,310,54.79,30.15
intern,311,54.79,30.15
semester,312,#N/A,#N/A
confirmation,313,54.69,29.42
congratulation,314,54.69,29.42
expertise,315,54.69,29.42
graph,316,54.69,29.42
taker,317,54.69,29.42
utility,318,54.69,29.42
voucher,319,54.69,29.42
banker,320,54.58,28.68
behalf,321,54.58,28.68
minimize,322,54.58,28.68
optional,323,54.58,28.68
paycheck,324,54.58,28.68
polite,325,54.58,28.68
protective,326,54.58,28.68
seller,327,54.58,28.68
sidewalk,328,54.58,28.68
sightsee,329,54.58,28.68
soup,330,54.58,28.68
transit,331,54.58,28.68
wallet,332,54.58,28.68
born,333,54.46,27.95
cashier,334,54.46,27.95
casual,335,54.46,27.95
drill,336,54.46,27.95
fountain,337,54.46,27.95
juice,338,54.46,27.95
lane,339,54.46,27.95
popularity,340,54.46,27.95
poster,341,54.46,27.95
promptly,342,54.46,27.95
retailer,343,54.46,27.95
vacancy,344,54.46,27.95
bench,345,54.35,27.21
cumulative,346,54.35,27.21
directory,347,54.35,27.21
disposal,348,54.35,27.21
housekeeper,349,54.35,27.21
internship,350,54.35,27.21
knowledgeable,351,54.35,27.21
organizer,352,54.35,27.21
overdue,353,54.35,27.21
prediction,354,54.35,27.21
subscriber,355,54.35,27.21
booklet,356,54.23,26.48
conditioner,357,54.23,26.48
enroll,358,54.23,26.48
frustrate,359,54.23,26.48
garment,360,54.23,26.48
orientation,361,54.23,26.48
outlet,362,54.23,26.48
packet,363,54.23,26.48
plumber,364,54.23,26.48
specification,365,54.23,26.48
auto,366,54.11,25.74
decorate,367,54.11,25.74
deduction,368,54.11,25.74
definite,369,54.11,25.74
economical,370,54.11,25.74
efficiently,371,54.11,25.74
flyer,372,54.11,25.74
franchise,373,54.11,25.74
generous,374,54.11,25.74
interrupt,375,54.11,25.74
oven,376,54.11,25.74
pant,377,54.11,25.74
profitable,378,54.11,25.74
refrigerator,379,54.11,25.74
reimburse,380,54.11,25.74
showroom,381,54.11,25.74
vegetarian,382,54.11,25.74
administrator,383,53.98,25.01
broker,384,53.98,25.01
cancellation,385,53.98,25.01
confidential,386,53.98,25.01
jet,387,53.98,25.01
realistic,388,53.98,25.01
thoroughly,389,53.98,25.01
trash,390,53.98,25.01
usage,391,53.98,25.01
windy,392,53.98,25.01
automate,393,53.85,24.27
ferry,394,53.85,24.27
finalize,395,53.85,24.27
incur,396,53.85,24.27
instruct,397,53.85,24.27
loyal,398,53.85,24.27
luncheon,399,53.85,24.27
microphone,400,53.85,24.27
overview,401,53.85,24.27
projector,402,53.85,24.27
shortage,403,53.85,24.27
spacious,404,53.85,24.27
accomplishment,405,53.72,23.53
accustom,406,53.72,23.53
clinic,407,53.72,23.53
desktop,408,53.72,23.53
jog,409,53.72,23.53
leisure,410,53.85,24.27
nap,411,53.72,23.53
reinforce,412,53.72,23.53
sender,413,53.72,23.53
vacuum,414,53.72,23.53
wireless,415,53.72,23.53
yearly,416,53.72,23.53
appreciation,417,53.58,22.8
cargo,418,53.58,22.8
cooperate,419,53.58,22.8
distract,420,53.58,22.8
dividend,421,53.58,22.8
exemption,422,53.58,22.8
furnish,423,53.58,22.8
hourly,424,53.58,22.8
laundry,425,53.58,22.8
mandatory,426,53.58,22.8
mechanical,427,53.58,22.8
pharmacy,428,53.58,22.8
promotional,429,53.58,22.8
quarterly,430,53.58,22.8
residential,431,53.72,23.53
scholarship,432,53.58,22.8
seeker,433,53.58,22.8
temporarily,434,53.58,22.8
towel,435,53.58,22.8
unattended,436,53.58,22.8
accessible,437,53.44,22.06
afterward,438,53.44,22.06
apology,439,53.44,22.06
assemble,440,53.44,22.06
automatic,441,53.44,22.06
boardroom,442,53.44,22.06
carpenter,443,53.44,22.06
caterer,444,53.44,22.06
classify,445,53.44,22.06
consultation,446,53.58,22.8
durable,447,53.44,22.06
glove,448,53.44,22.06
hardware,449,53.44,22.06
malfunction,450,53.44,22.06
outdate,451,53.44,22.06
patience,452,53.44,22.06
postcard,453,53.44,22.06
prospective,454,53.44,22.06
revision,455,53.44,22.06
strictly,456,53.44,22.06
tomato,457,53.44,22.06
tray,458,53.44,22.06
vendor,459,53.44,22.06
withdrawal,460,53.44,22.06
anytime,461,53.29,21.33
badge,462,53.29,21.33
brake,463,53.29,21.33
calculation,464,53.29,21.33
coordinator,465,53.29,21.33
costly,466,53.29,21.33
equip,467,53.29,21.33
excursion,468,53.29,21.33
graphic,469,53.29,21.33
inexperience,470,53.44,22.06
lengthy,471,53.29,21.33
librarian,472,53.29,21.33
meantime,473,53.29,21.33
merge,474,53.29,21.33
performer,475,53.29,21.33
pharmacist,476,53.29,21.33
pizza,477,53.29,21.33
resignation,478,53.29,21.33
reviewer,479,53.29,21.33
terminate,480,53.29,21.33
translation,481,53.29,21.33
unfamiliar,482,53.29,21.33
actress,483,53.14,20.59
adjacent,484,53.14,20.59
alternate,485,53.14,20.59
congratulate,486,53.14,20.59
escort,487,53.14,20.59
inexpensive,488,53.14,20.59
mask,489,53.14,20.59
purchaser,490,53.14,20.59
purse,491,53.14,20.59
realtor,492,53.14,20.59
rearrange,493,53.14,20.59
reopen,494,53.14,20.59
soap,495,53.14,20.59
spokesperson,496,53.14,20.59
superior,497,53.14,20.59
airfare,498,52.98,19.86
bake,499,52.98,19.86
businessperson,500,52.98,19.86
considerably,501,52.98,19.86
faulty,502,53.14,20.59
hobby,503,52.98,19.86
informal,504,52.98,19.86
kilometer,505,52.98,19.86
lawn,506,52.98,19.86
microscope,507,52.98,19.86
mislead,508,52.98,19.86
misplace,509,52.98,19.86
newsstand,510,52.98,19.86
overhead,511,52.98,19.86
portfolio,512,52.98,19.86
rack,513,52.98,19.86
remodel,514,52.98,19.86
statistics,515,52.98,19.86
tunnel,516,52.98,19.86
unlimited,517,52.98,19.86
vitamin,518,52.98,19.86
zoo,519,52.98,19.86
alert,520,52.82,19.12
auditorium,521,52.82,19.12
celebrity,522,52.82,19.12
deduct,523,52.82,19.12
disruption,524,52.82,19.12
electrician,525,52.82,19.12
enthusiastic,526,52.82,19.12
graduation,527,52.82,19.12
icy,528,52.82,19.12
irregular,529,52.82,19.12
login,530,52.82,19.12
managerial,531,52.82,19.12
mineral,532,52.82,19.12
motorcycle,533,52.82,19.12
necessity,534,52.82,19.12
planner,535,52.82,19.12
programmer,536,52.82,19.12
proofread,537,52.82,19.12
recruiter,538,52.82,19.12
remainder,539,52.82,19.12
rose,540,52.82,19.12
statue,541,52.82,19.12
steadily,542,52.82,19.12
stockholder,543,52.82,19.12
vacant,544,52.82,19.12
accessory,545,52.64,18.39
assembly,546,52.64,18.39
basket,547,52.64,18.39
certification,548,52.64,18.39
closure,549,52.64,18.39
dislike,550,52.64,18.39
downstairs,551,52.64,18.39
expiration,552,52.64,18.39
headache,553,52.64,18.39
jam,554,52.64,18.39
nail,555,52.64,18.39
optimistic,556,52.64,18.39
pedestrian,557,52.64,18.39
projection,558,52.64,18.39
sleeve,559,52.64,18.39
solar,560,52.64,18.39
suburb,561,52.64,18.39
takeover,562,52.64,18.39
unsure,563,52.64,18.39
upstairs,564,52.64,18.39
verbal,565,52.64,18.39
visa,566,52.64,18.39
wildlife,567,52.64,18.39
workforce,568,52.64,18.39
absent,569,52.47,17.65
accumulate,570,52.47,17.65
appraisal,571,52.47,17.65
apprentice,572,52.47,17.65
businessman,573,52.47,17.65
ceiling,574,52.47,17.65
colorful,575,52.47,17.65
compensate,576,52.47,17.65
costume,577,52.47,17.65
editorial,578,52.47,17.65
effectiveness,579,52.47,17.65
facilitate,580,52.47,17.65
firefighter,581,52.47,17.65
gasoline,582,52.47,17.65
inappropriate,583,52.47,17.65
internet,584,52.47,17.65
landlord,585,52.47,17.65
layout,586,52.47,17.65
lunchtime,587,52.47,17.65
payroll,588,52.47,17.65
pharmaceutical,589,52.47,17.65
plausible,590,52.47,17.65
premium,591,52.47,17.65
safely,592,52.47,17.65
simplify,593,52.47,17.65
specialty,594,52.47,17.65
tech,595,52.47,17.65
unexpected,596,52.47,17.65
unspecified,597,52.47,17.65
adhere,598,52.28,16.92
bankrupt,599,52.28,16.92
caution,600,52.28,16.92
clip,601,52.28,16.92
comply,602,52.28,16.92
diner,603,52.28,16.92
duplicate,604,52.28,16.92
eager,605,52.28,16.92
economist,606,52.28,16.92
embassy,607,52.28,16.92
fasten,608,52.28,16.92
harmful,609,52.28,16.92
informative,610,52.28,16.92
institute,611,52.28,16.92
kit,612,52.28,16.92
locally,613,52.28,16.92
mentor,614,52.28,16.92
nominate,615,52.28,16.92
opt,616,52.28,16.92
parade,617,52.28,16.92
physician,618,52.28,16.92
polish,619,52.28,16.92
postage,620,52.28,16.92
recreational,621,52.28,16.92
rehearse,622,52.28,16.92
removal,623,52.28,16.92
satisfactory,624,52.28,16.92
seasonal,625,52.47,17.65
separately,626,52.28,16.92
turnover,627,52.28,16.92
unnecessary,628,52.28,16.92
accordingly,629,52.09,16.18
apple,630,52.09,16.18
applicable,631,52.09,16.18
auction,632,52.09,16.18
balcony,633,52.09,16.18
basement,634,52.09,16.18
beforehand,635,52.09,16.18
culinary,636,52.09,16.18
documentary,637,52.09,16.18
downturn,638,52.09,16.18
earthquake,639,52.09,16.18
elegant,640,52.09,16.18
excessive,641,52.09,16.18
generic,642,52.09,16.18
jazz,643,52.09,16.18
lifetime,644,52.09,16.18
massage,645,52.09,16.18
maximize,646,52.09,16.18
mild,647,52.09,16.18
ongoing,648,52.09,16.18
periodically,649,52.09,16.18
pie,650,52.09,16.18
plug,651,52.09,16.18
recruitment,652,52.09,16.18
referee,653,52.09,16.18
referral,654,52.09,16.18
renown,655,52.09,16.18
runner,656,52.09,16.18
sock,657,52.09,16.18
spam,658,52.09,16.18
surf,659,52.09,16.18
timetable,660,52.09,16.18
vase,661,52.09,16.18
aboard,662,51.89,15.44
advancement,663,51.89,15.44
advertiser,664,51.89,15.44
alternatively,665,52.09,16.18
amuse,666,51.89,15.44
attorney,667,51.89,15.44
authorization,668,51.89,15.44
campus,669,51.89,15.44
candy,670,51.89,15.44
certify,671,51.89,15.44
checkout,672,51.89,15.44
chemistry,673,51.89,15.44
circulation,674,51.89,15.44
concierge,675,51.89,15.44
consent,676,51.89,15.44
consistently,677,51.89,15.44
cookie,678,51.89,15.44
deck,679,51.89,15.44
descriptive,680,51.89,15.44
detach,681,51.89,15.44
documentation,682,51.89,15.44
entrepreneur,683,51.89,15.44
exceptional,684,51.89,15.44
familiarize,685,51.89,15.44
hotline,686,51.89,15.44
intonation,687,51.89,15.44
invention,688,51.89,15.44
irritate,689,51.89,15.44
locker,690,51.89,15.44
overlook,691,51.89,15.44
patent,692,52.09,16.18
payable,693,51.89,15.44
preliminary,694,51.89,15.44
salesman,695,51.89,15.44
sauna,696,51.89,15.44
smoothly,697,51.89,15.44
sunshine,698,51.89,15.44
tow,699,51.89,15.44
translator,700,51.89,15.44
tuition,701,51.89,15.44
unavailable,702,51.89,15.44
violation,703,51.89,15.44
webpage,704,51.89,15.44
acceptance,705,51.68,14.71
allocate,706,51.68,14.71
ambitious,707,51.68,14.71
appendix,708,51.68,14.71
booth,709,51.68,14.71
clarify,710,51.68,14.71
classmate,711,51.68,14.71
compile,712,51.68,14.71
correction,713,51.68,14.71
customize,714,51.68,14.71
dedication,715,51.68,14.71
diagnose,716,51.68,14.71
discontinue,717,51.68,14.71
dishwasher,718,51.68,14.71
drought,719,51.68,14.71
economize,720,51.68,14.71
entrée,721,51.68,14.71
firework,722,51.68,14.71
freight,723,51.68,14.71
fry,724,51.68,14.71
gallon,725,51.68,14.71
gardener,726,51.68,14.71
ideally,727,51.68,14.71
inclusive,728,51.68,14.71
insufficient,729,51.68,14.71
introductory,730,51.68,14.71
junk,731,51.68,14.71
ma'am,732,#N/A,#N/A
mileage,733,51.68,14.71
noisy,734,51.68,14.71
pan,735,51.89,15.44
parcel,736,51.68,14.71
pasta,737,51.68,14.71
periodical,738,51.68,14.71
pill,739,51.68,14.71
portable,740,51.68,14.71
punctual,741,51.68,14.71
recreation,742,51.68,14.71
relieve,743,51.68,14.71
reminder,744,51.68,14.71
rumor,745,51.68,14.71
scarf,746,51.68,14.71
seaside,747,51.68,14.71
shorten,748,51.68,14.71
specially,749,51.68,14.71
spill,750,51.68,14.71
spouse,751,51.68,14.71
subtract,752,51.68,14.71
tablet,753,51.68,14.71
ton,754,51.68,14.71
vend,755,51.68,14.71
yoga,756,51.68,14.71
accent,757,51.45,13.97
advisory,758,51.45,13.97
asleep,759,51.45,13.97
authentic,760,51.45,13.97
bakery,761,51.45,13.97
carton,762,51.45,13.97
compartment,763,51.45,13.97
compatible,764,51.45,13.97
consumption,765,51.45,13.97
conveniently,766,51.45,13.97
cosmetic,767,51.45,13.97
courtesy,768,51.45,13.97
creativity,769,51.45,13.97
criteria,770,51.45,13.97
disagreement,771,51.45,13.97
disappointment,772,51.45,13.97
dissatisfy,773,51.45,13.97
enjoyable,774,51.45,13.97
faculty,775,51.45,13.97
favorable,776,51.45,13.97
foreman,777,51.45,13.97
forum,778,51.45,13.97
founder,779,51.45,13.97
fundraise,780,51.45,13.97
graphics,781,51.45,13.97
handy,782,51.45,13.97
hazardous,783,51.45,13.97
healthcare,784,51.45,13.97
humidity,785,51.45,13.97
immigration,786,51.45,13.97
influential,787,51.45,13.97
nationwide,788,51.45,13.97
pad,789,51.45,13.97
paraphrase,790,51.45,13.97
placement,791,51.45,13.97
postal,792,51.45,13.97
publicity,793,51.45,13.97
renter,794,51.45,13.97
repairperson,795,51.45,13.97
repeatedly,796,51.45,13.97
restroom,797,51.45,13.97
silently,798,51.45,13.97
spa,799,51.45,13.97
spreadsheet,800,51.45,13.97
stapler,801,51.45,13.97
streamline,802,51.45,13.97
substantially,803,51.45,13.97
teller,804,51.45,13.97
tidy,805,51.45,13.97
toll,806,51.45,13.97
toner,807,51.45,13.97
urgently,808,51.45,13.97
walkway,809,51.45,13.97
absorb,810,51.22,13.24
administer,811,51.22,13.24
ample,812,51.22,13.24
antique,813,51.22,13.24
bean,814,51.22,13.24
browse,815,51.22,13.24
bye,816,51.22,13.24
careless,817,51.22,13.24
collector,818,51.22,13.24
conform,819,51.22,13.24
congestion,820,51.22,13.24
contradiction,821,51.22,13.24
contrary,822,51.22,13.24
diploma,823,51.22,13.24
distributor,824,51.22,13.24
dive,825,51.22,13.24
energetic,826,51.22,13.24
environmentally,827,51.22,13.24
escalator,828,51.22,13.24
exotic,829,51.22,13.24
fabric,830,51.22,13.24
generalization,831,51.22,13.24
guidance,832,51.22,13.24
gum,833,51.22,13.24
hesitant,834,51.22,13.24
indicator,835,51.22,13.24
individually,836,51.22,13.24
junior,837,51.22,13.24
lifestyle,838,51.22,13.24
likewise,839,51.22,13.24
morale,840,51.22,13.24
orchestra,841,51.22,13.24
organizational,842,51.22,13.24
outlook,843,51.22,13.24
physics,844,51.45,13.97
pole,845,51.22,13.24
puzzle,846,51.22,13.24
reflexive,847,51.22,13.24
snowy,848,51.22,13.24
steak,849,51.22,13.24
sticker,850,51.22,13.24
telecommunication,851,51.45,13.97
timely,852,51.22,13.24
uncomfortable,853,51.22,13.24
amenity,854,50.97,12.5
approximate,855,50.97,12.5
await,856,50.97,12.5
barbecue,857,50.97,12.5
beginner,858,50.97,12.5
biology,859,50.97,12.5
blanket,860,50.97,12.5
chairperson,861,50.97,12.5
charitable,862,50.97,12.5
checkup,863,50.97,12.5
cooler,864,50.97,12.5
crane,865,50.97,12.5
dealership,866,50.97,12.5
dependable,867,50.97,12.5
disconnect,868,50.97,12.5
dispose,869,50.97,12.5
disrupt,870,50.97,12.5
dynamic,871,50.97,12.5
enthusiastically,872,50.97,12.5
freelance,873,50.97,12.5
grill,874,50.97,12.5
habitual,875,50.97,12.5
internationally,876,50.97,12.5
invaluable,877,50.97,12.5
messenger,878,50.97,12.5
paperback,879,50.97,12.5
rebate,880,50.97,12.5
recur,881,50.97,12.5
reproduce,882,50.97,12.5
spray,883,50.97,12.5
staple,884,50.97,12.5
strategic,885,50.97,12.5
stripe,886,50.97,12.5
teen,887,50.97,12.5
tempt,888,50.97,12.5
timer,889,50.97,12.5
unload,890,50.97,12.5
unusually,891,50.97,12.5
vacate,892,50.97,12.5
whale,893,50.97,12.5
wisely,894,50.97,12.5
amateur,895,50.71,11.77
ambassador,896,50.71,11.77
anew,897,47.12,5.15
architectural,898,50.71,11.77
attain,899,50.71,11.77
balloon,900,50.71,11.77
blueprint,901,50.71,11.77
bug,902,50.71,11.77
cautious,903,50.71,11.77
circuit,904,50.71,11.77
clap,905,50.71,11.77
commerce,906,50.71,11.77
convey,907,50.71,11.77
cord,908,50.71,11.77
counselor,909,50.71,11.77
debit,910,50.71,11.77
delicate,911,50.71,11.77
dependence,912,50.71,11.77
distraction,913,50.71,11.77
downsize,914,50.71,11.77
elephant,915,50.71,11.77
enthusiasm,916,50.71,11.77
enthusiast,917,50.71,11.77
evident,918,50.71,11.77
flexibility,919,50.71,11.77
flextime,920,50.71,11.77
fortunately,921,50.71,11.77
freighter,922,50.71,11.77
generator,923,50.71,11.77
hallway,924,50.71,11.77
hamburger,925,50.71,11.77
hazard,926,50.71,11.77
homeowner,927,50.71,11.77
imperative,928,50.71,11.77
inflate,929,50.71,11.77
insert,930,50.71,11.77
lecturer,931,50.71,11.77
meaningful,932,50.71,11.77
memorize,933,50.71,11.77
merchant,934,50.97,12.5
modification,935,50.71,11.77
occupant,936,50.71,11.77
overcharge,937,50.71,11.77
oversee,938,50.71,11.77
petition,939,50.71,11.77
pillow,940,50.71,11.77
popcorn,941,50.71,11.77
pottery,942,50.71,11.77
professionally,943,50.71,11.77
publicize,944,50.71,11.77
ray,945,50.71,11.77
redecorate,946,50.71,11.77
refinery,947,50.71,11.77
refresh,948,50.71,11.77
refundable,949,50.71,11.77
reimbursement,950,50.97,12.5
reliability,951,50.71,11.77
reluctant,952,50.71,11.77
sewer,953,50.71,11.77
skate,954,50.71,11.77
skateboard,955,50.71,11.77
sleepy,956,50.71,11.77
tailor,957,50.71,11.77
termination,958,50.71,11.77
theft,959,50.71,11.77
thunderstorm,960,50.71,11.77
transmission,961,50.71,11.77
transmit,962,50.71,11.77
unused,963,50.71,11.77
waive,964,50.71,11.77
yen,965,50.71,11.77
activate,966,50.43,11.03
additionally,967,50.43,11.03
affirmative,968,50.43,11.03
baker,969,50.43,11.03
brainstorm,970,50.43,11.03
cage,971,50.43,11.03
cinema,972,50.43,11.03
collaboration,973,50.43,11.03
condominium,974,50.43,11.03
consecutive,975,50.43,11.03
cordless,976,50.43,11.03
deluxe,977,50.43,11.03
desirable,978,50.43,11.03
discrepancy,979,50.43,11.03
dispatch,980,50.43,11.03
drawback,981,50.43,11.03
dull,982,50.43,11.03
economically,983,50.43,11.03
evenly,984,50.43,11.03
excellence,985,50.43,11.03
exclusively,986,50.43,11.03
farewell,987,50.43,11.03
fatigue,988,50.43,11.03
fiscal,989,50.43,11.03
fleet,990,50.43,11.03
flour,991,50.43,11.03
fog,992,50.43,11.03
formally,993,50.43,11.03
gram,994,50.43,11.03
handbook,995,50.43,11.03
headphone,996,50.43,11.03
heater,997,50.43,11.03
helmet,998,50.71,11.77
hiker,999,50.43,11.03
homeless,1000,50.43,11.03
lighter,1001,50.43,11.03
loudly,1002,50.43,11.03
loyalty,1003,50.43,11.03
microwave,1004,50.43,11.03
misidentify,1005,50.43,11.03
neat,1006,50.43,11.03
nomination,1007,50.43,11.03
officially,1008,50.43,11.03
outfit,1009,50.43,11.03
pastry,1010,50.43,11.03
personalize,1011,50.43,11.03
poorly,1012,50.43,11.03
prestigious,1013,50.43,11.03
purser,1014,50.43,11.03
reassure,1015,50.43,11.03
resume,1016,59.7,93.4
reunion,1017,50.43,11.03
revolutionize,1018,50.43,11.03
seafood,1019,50.71,11.77
signify,1020,50.43,11.03
slot,1021,50.43,11.03
steer,1022,50.43,11.03
sue,1023,50.43,11.03
superb,1024,50.43,11.03
traditionally,1025,50.43,11.03
tremendous,1026,50.43,11.03
underway,1027,50.43,11.03
unpleasant,1028,50.43,11.03
violin,1029,50.43,11.03
ward,1030,50.43,11.03
worthwhile,1031,50.43,11.03
adapter,1032,50.13,10.3
advisable,1033,50.13,10.3
archive,1034,50.13,10.3
artistic,1035,50.13,10.3
assurance,1036,50.13,10.3
athletic,1037,50.13,10.3
attire,1038,50.13,10.3
auditor,1039,50.13,10.3
bankruptcy,1040,50.13,10.3
bulk,1041,50.13,10.3
butter,1042,50.13,10.3
centimeter,1043,50.13,10.3
circulate,1044,50.13,10.3
comb,1045,50.13,10.3
comfortably,1046,50.13,10.3
compliance,1047,50.13,10.3
contraction,1048,50.13,10.3
cookbook,1049,50.13,10.3
cushion,1050,50.13,10.3
dose,1051,50.13,10.3
drum,1052,50.13,10.3
embed,1053,50.13,10.3
evacuate,1054,50.13,10.3
expedite,1055,50.13,10.3
extinguisher,1056,50.13,10.3
familiarity,1057,50.13,10.3
flaw,1058,50.13,10.3
fluctuate,1059,50.13,10.3
fluent,1060,50.13,10.3
honestly,1061,50.13,10.3
housekeep,1062,50.13,10.3
hurricane,1063,50.43,11.03
hygiene,1064,50.13,10.3
integral,1065,50.13,10.3
interactive,1066,50.13,10.3
interfere,1067,50.13,10.3
kilogram,1068,50.13,10.3
layoff,1069,50.13,10.3
lightweight,1070,50.13,10.3
merit,1071,50.13,10.3
necklace,1072,50.13,10.3
needy,1073,50.13,10.3
overpay,1074,50.13,10.3
pamphlet,1075,50.13,10.3
partial,1076,50.13,10.3
penalize,1077,50.13,10.3
pollute,1078,50.13,10.3
prescribe,1079,50.13,10.3
probable,1080,50.13,10.3
prominent,1081,50.13,10.3
rainfall,1082,50.13,10.3
relocation,1083,50.13,10.3
residence,1084,50.13,10.3
retrieve,1085,50.13,10.3
rider,1086,50.13,10.3
rubber,1087,50.13,10.3
rug,1088,50.13,10.3
salespeople,1089,50.13,10.3
sharply,1090,50.13,10.3
similarity,1091,50.13,10.3
someday,1092,50.13,10.3
spectator,1093,50.13,10.3
stereo,1094,50.13,10.3
storeroom,1095,50.13,10.3
subsidize,1096,50.13,10.3
suspicious,1097,50.13,10.3
tasty,1098,50.13,10.3
terrific,1099,50.13,10.3
underground,1100,50.13,10.3
unpaid,1101,50.13,10.3
volleyball,1102,50.13,10.3
wheelchair,1103,50.13,10.3
whoever,1104,50.13,10.3
wool,1105,50.13,10.3
wrinkle,1106,50.13,10.3
accuracy,1107,49.8,9.56
anyhow,1108,49.8,9.56
appetizer,1109,49.8,9.56
arc,1110,49.8,9.56
audition,1111,49.8,9.56
backpack,1112,49.8,9.56
ballroom,1113,49.8,9.56
beneficial,1114,49.8,9.56
biography,1115,49.8,9.56
bound,1116,49.8,9.56
broom,1117,49.8,9.56
cheeseburger,1118,49.8,9.56
chilly,1119,49.8,9.56
circus,1120,49.8,9.56
compliment,1121,49.8,9.56
consignment,1122,49.8,9.56
continental,1123,49.8,9.56
copyright,1124,49.8,9.56
countryside,1125,49.8,9.56
demolish,1126,49.8,9.56
departmental,1127,49.8,9.56
desperate,1128,49.8,9.56
devastate,1129,49.8,9.56
diagnostic,1130,49.8,9.56
diagram,1131,49.8,9.56
diamond,1132,49.8,9.56
disable,1133,49.8,9.56
disgust,1134,49.8,9.56
donut,1135,49.8,9.56
doorman,1136,49.8,9.56
electronically,1137,49.8,9.56
elevate,1138,49.8,9.56
engagement,1139,49.8,9.56
enrollment,1140,49.8,9.56
euro,1141,49.8,9.56
forbid,1142,49.8,9.56
fork,1143,49.8,9.56
foster,1144,49.8,9.56
getaway,1145,49.8,9.56
gossip,1146,49.8,9.56
hacker,1147,49.8,9.56
hardworking,1148,49.8,9.56
impatient,1149,49.8,9.56
indirect,1150,49.8,9.56
interpreter,1151,49.8,9.56
intersection,1152,49.8,9.56
irrelevant,1153,49.8,9.56
jeans,1154,49.8,9.56
journalism,1155,49.8,9.56
letterhead,1156,49.8,9.56
lifeguard,1157,49.8,9.56
modem,1158,49.8,9.56
monument,1159,49.8,9.56
mosquito,1160,49.8,9.56
obligate,1161,49.8,9.56
oblige,1162,49.8,9.56
occurrence,1163,49.8,9.56
operational,1164,49.8,9.56
outage,1165,49.8,9.56
overcrowd,1166,49.8,9.56
paralegal,1167,49.8,9.56
partially,1168,49.8,9.56
pepper,1169,49.8,9.56
permanently,1170,49.8,9.56
plow,1171,49.8,9.56
query,1172,49.8,9.56
railway,1173,49.8,9.56
raincoat,1174,49.8,9.56
reconsider,1175,49.8,9.56
redesign,1176,49.8,9.56
rehearsal,1177,49.8,9.56
relaxation,1178,49.8,9.56
repetition,1179,49.8,9.56
retreat,1180,49.8,9.56
salon,1181,49.8,9.56
satellite,1182,49.8,9.56
scenery,1183,49.8,9.56
serial,1184,49.8,9.56
sew,1185,49.8,9.56
sketch,1186,49.8,9.56
smartphone,1187,49.8,9.56
soar,1188,49.8,9.56
stimulus,1189,49.8,9.56
stockbroker,1190,49.8,9.56
tablecloth,1191,49.8,9.56
thirsty,1192,49.8,9.56
thrill,1193,49.8,9.56
tile,1194,49.8,9.56
toiletry,1195,49.8,9.56
trademark,1196,49.8,9.56
tropical,1197,49.8,9.56
tuna,1198,49.8,9.56
unemployed,1199,49.8,9.56
validate,1200,49.8,9.56
vanilla,1201,49.8,9.56
willingness,1202,49.8,9.56
wristwatch,1203,49.8,9.56
abide,1204,49.46,8.83
actively,1205,49.46,8.83
allergy,1206,49.46,8.83
apprehensive,1207,49.46,8.83
automotive,1208,49.8,9.56
bacteria,1209,49.46,8.83
broaden,1210,49.46,8.83
bulb,1211,49.46,8.83
by-law,1212,49.46,8.83
cheer,1213,49.46,8.83
complication,1214,49.46,8.83
considerate,1215,49.46,8.83
daytime,1216,49.46,8.83
decoration,1217,49.46,8.83
discard,1218,49.46,8.83
drastically,1219,49.46,8.83
erase,1220,49.46,8.83
explorer,1221,49.46,8.83
factual,1222,49.46,8.83
fixture,1223,49.46,8.83
footwear,1224,49.46,8.83
genre,1225,49.46,8.83
gymnasium,1226,49.46,8.83
hereby,1227,49.46,8.83
hesitation,1228,49.46,8.83
homemade,1229,49.46,8.83
hospitality,1230,49.46,8.83
incoming,1231,49.46,8.83
induction,1232,49.46,8.83
inspiration,1233,49.46,8.83
intently,1234,49.46,8.83
mower,1235,49.46,8.83
nutrition,1236,49.46,8.83
restatement,1237,49.46,8.83
sedan,1238,49.46,8.83
sunscreen,1239,49.46,8.83
wellness,1240,49.46,8.83
workbook,1241,49.46,8.83
bookcase,1242,49.08,8.09
cleanliness,1243,49.08,8.09
contestant,1244,49.08,8.09
ethics,1245,49.08,8.09
healthful,1246,49.08,8.09
inefficient,1247,49.08,8.09
liter,1248,49.08,8.09
recession,1249,49.08,8.09
timeline,1250,49.08,8.09
unreliable,1251,49.08,8.09
acclaim,1252,48.67,7.35
chronic,1253,48.67,7.35
deteriorate,1254,48.67,7.35
resemble,1255,48.67,7.35
unauthorize,1256,48.67,7.35
violate,1257,48.67,7.35
unplug,1258,48.21,6.62
videoconference,1259,48.21,6.62
